Région,Localisation,Type de bien,Nature,Superficie,Nb_Salles De bain,Nb_Chambres,Prix
Ariana,Ariana,villa,À Vendre,320.0,3.0,5.0,530000.0
Nabeul,Nabeul,Maison,À Vendre,197.0,1.0,2.0,240000.0
La Manouba,La_Manouba,Maison,À Vendre,300.0,1.0,3.0,192989.71698165592
Ariana,Ariana,villa,À Vendre,517.0,3.0,5.0,1150000.0
Nabeul,Nabeul,villa,À Vendre,485.0,4.0,4.0,890000.0
Ben Arous,Ben_Arous,villa,À Vendre,350.0,2.0,4.0,680000.0
Bizerte,Bizerte,villa,À Vendre,200.0,3.0,3.0,535697.9790170202
Bizerte,Bizerte,Maison,À Vendre,160.0,2.0,4.0,240949.81848204712
Bizerte,Bizerte,villa,À Vendre,180.0,2.0,3.0,535724.6569200353
Ben Arous,Ben_Arous,villa,À Vendre,420.0,2.0,10.0,834193.0684080992
Nabeul,Nabeul,villa,À Vendre,265.0,2.0,3.0,480000.0
Nabeul,Nabeul,villa,À Vendre,470.0,4.0,4.0,950000.0
Nabeul,Nabeul,villa,À Vendre,700.0,2.0,3.0,717468.1513222783
Nabeul,Nabeul,Maison,À Vendre,200.0,1.0,2.0,346944.7938185823
Ariana,Ariana,villa,À Vendre,530.0,4.0,5.0,734536.7057882267
Nabeul,Nabeul,villa,À Vendre,460.0,3.0,4.0,920000.0
Nabeul,Nabeul,villa,À Vendre,700.0,5.0,7.0,868858.4397235573
Tunis,Tunis,Maison,À Vendre,384.0,1.0,3.0,700000.0
Ariana,Ariana,villa,À Vendre,300.0,3.0,3.0,960000.0
Ben Arous,Ben_Arous,villa,À Vendre,580.0,2.0,7.0,720599.7230091512
Ben Arous,Ben_Arous,villa,À Vendre,1014.0,2.0,6.0,682766.3772729621
Ben Arous,Ben_Arous,villa,À Vendre,1053.0,2.0,5.0,644900.7576880862
Ben Arous,Ben_Arous,villa,À Vendre,445.0,2.0,5.0,1250000.0
Ben Arous,Ben_Arous,villa,À Vendre,735.0,4.0,7.0,1150000.0
Ben Arous,Ben_Arous,villa,À Vendre,444.0,1.0,3.0,550000.0
Tunis,Tunis,villa,À Vendre,459.0,2.0,4.0,650000.0
Ben Arous,Ben_Arous,Maison,À Vendre,148.0,2.0,4.0,370000.0
Ben Arous,Ben_Arous,Maison,À Vendre,170.0,1.0,3.0,370000.0
Ben Arous,Ben_Arous,Maison,À Vendre,450.0,3.0,3.0,580000.0
Ben Arous,Ben_Arous,Maison,À Vendre,302.0,2.0,3.0,370000.0
Ben Arous,Ben_Arous,Maison,À Vendre,309.0,2.0,3.0,650000.0
Ben Arous,Ben_Arous,Maison,À Vendre,174.0,3.0,7.0,400000.0
Ben Arous,Ben_Arous,Maison,À Vendre,183.0,2.0,5.0,680000.0
Ben Arous,Ben_Arous,Maison,À Vendre,285.0,1.0,4.0,550000.0
Ben Arous,Ben_Arous,Maison,À Vendre,289.0,2.0,5.0,620000.0
Ben Arous,Ben_Arous,Maison,À Vendre,208.0,3.0,7.0,450000.0
Ben Arous,Ben_Arous,Maison,À Vendre,341.0,3.0,6.0,650000.0
Ben Arous,Ben_Arous,Maison,À Vendre,650.0,5.0,8.0,1000000.0
Ben Arous,Ben_Arous,Maison,À Vendre,201.0,2.0,3.0,540000.0
Nabeul,Nabeul,villa,À Vendre,500.0,3.0,3.0,790000.0
Nabeul,Nabeul,villa,À Vendre,400.0,4.0,4.0,1030000.0
Ben Arous,Ben_Arous,villa,À Vendre,417.0,1.0,4.0,480000.0
Nabeul,Nabeul,Maison,À Vendre,90.0,1.0,2.0,346935.8061645176
Sfax,Sfax,Maison,À Vendre,303.0,2.0,5.0,350000.0
Tunis,Tunis,villa,À Vendre,587.0,3.0,5.0,712244.6477015878
Ariana,Ariana,villa,À Vendre,500.0,2.0,7.0,810328.4908872605
Tunis,Tunis,villa,À Vendre,800.0,1.0,10.0,901662.7056958248
Tunis,Tunis,villa,À Vendre,662.0,4.0,8.0,825828.8819759199
Ariana,Ariana,villa,À Vendre,420.0,3.0,4.0,1200000.0
Monastir,Monastir,villa,À Vendre,208.0,3.0,5.0,315000.0
Nabeul,Nabeul,villa,À Vendre,320.0,4.0,3.0,717380.4790189103
Nabeul,Nabeul,villa,À Vendre,500.0,4.0,2.0,830000.0
Nabeul,Nabeul,villa,À Vendre,490.0,4.0,4.0,1250000.0
Sousse,Sousse,villa,À Vendre,180.0,1.0,4.0,712135.6404037267
Ben Arous,Ben_Arous,villa,À Vendre,200.0,1.0,3.0,350000.0
Tunis,Tunis,villa,À Vendre,185.0,1.0,4.0,674399.6198383789
Bizerte,Bizerte,villa,À Vendre,600.0,2.0,4.0,573627.7795341448
Nabeul,Nabeul,villa,,402.0,3.0,5.0,1250000.0
Nabeul,Nabeul,villa,À Vendre,800.0,4.0,4.0,1050000.0
Nabeul,Nabeul,villa,À Vendre,397.0,4.0,4.0,1050000.0
Bizerte,Bizerte,villa,À Vendre,300.0,2.0,3.0,349999.0
Ariana,Ariana,villa,À Vendre,400.0,2.0,4.0,900000.0
Nabeul,Nabeul,villa,À Vendre,600.0,4.0,4.0,830000.0
Nabeul,Nabeul,villa,À Vendre,420.0,3.0,4.0,760000.0
Nabeul,Nabeul,villa,À Vendre,347.0,4.0,4.0,1100000.0
Tunis,Tunis,Maison,À Vendre,572.0,1.0,3.0,580000.0
Monastir,Monastir,villa,À Vendre,916.0,2.0,3.0,680000.0
Nabeul,Nabeul,villa,À Vendre,234.0,3.0,4.0,575000.0
Nabeul,Nabeul,Maison,À Vendre,269.0,1.0,3.0,400000.0
Nabeul,Nabeul,villa,À Vendre,426.0,3.0,3.0,1000000.0
Nabeul,Nabeul,villa,À Vendre,347.0,3.0,4.0,1100000.0
Tunis,Tunis,villa,À Vendre,282.0,2.0,4.0,674379.233293209
Ariana,Ariana,Maison,À Vendre,500.0,2.0,5.0,360000.0
Nabeul,Nabeul,villa,À Vendre,660.0,3.0,3.0,717436.5710625007
Sousse,Sousse,Maison,À Vendre,360.0,4.0,7.0,549999.0
Ben Arous,Ben_Arous,villa,À Vendre,566.0,3.0,3.0,569095.0426368841
Ariana,Ariana,villa,À Vendre,224.0,2.0,4.0,696699.5216958376
Ben Arous,Ben_Arous,Maison,À Vendre,216.0,2.0,3.0,375000.0
Ben Arous,Ben_Arous,villa,À Vendre,418.0,4.0,7.0,790000.0
Ben Arous,Ben_Arous,Maison,À Vendre,420.0,3.0,4.0,590000.0
Ben Arous,Ben_Arous,villa,À Vendre,94.0,1.0,3.0,140000.0
Ben Arous,Ben_Arous,Maison,À Vendre,200.0,1.0,3.0,325000.0
Ben Arous,Ben_Arous,Maison,À Vendre,206.0,1.0,3.0,360000.0
Sousse,Sousse,villa,À Vendre,792.0,1.0,3.0,674316.8383259333
Ben Arous,Ben_Arous,Maison,À Vendre,622.0,1.0,3.0,430000.0
Ben Arous,Ben_Arous,villa,À Vendre,395.0,3.0,3.0,495000.0
Sousse,Sousse,villa,À Vendre,387.0,2.0,5.0,650000.0
Tunis,Tunis,Maison,À Vendre,367.0,4.0,4.0,700000.0
Tunis,Tunis,Maison,À Vendre,101.0,1.0,2.0,212000.0
Sousse,Sousse,villa,À Vendre,760.0,3.0,6.0,787864.0180421032
Sousse,Sousse,Maison,À Vendre,365.0,4.0,6.0,455161.42173564143
Tunis,Tunis,Maison,À Vendre,378.0,3.0,3.0,303847.94848948275
Tunis,Tunis,villa,À Vendre,410.0,3.0,4.0,1200000.0
Nabeul,Nabeul,Maison,À Vendre,180.0,1.0,2.0,140000.0
Ben Arous,Ben_Arous,villa,À Vendre,250.0,3.0,5.0,644806.8357914779
Ariana,Ariana,villa,À Vendre,402.0,2.0,3.0,950000.0
Nabeul,Nabeul,villa,À Vendre,550.0,4.0,3.0,870000.0
Nabeul,Nabeul,villa,À Vendre,430.0,3.0,4.0,790000.0
Nabeul,Nabeul,villa,À Vendre,1295.0,3.0,6.0,831094.8726885528
Nabeul,Nabeul,Appartement,À Vendre,585.0,4.0,8.0,578808.6522988072
Tunis,Tunis,Maison,À Vendre,95.0,2.0,5.0,379590.7499622318
Nabeul,Nabeul,Maison,À Vendre,600.0,4.0,6.0,240000.0
Ariana,Ariana,villa,À Vendre,391.0,2.0,4.0,849000.0
Ariana,Ariana,villa,À Vendre,402.0,5.0,8.0,890000.0
Ariana,Ariana,Appartement,À Vendre,140.0,2.0,3.0,330886.3428999358
Ariana,Ariana,villa,À Vendre,220.0,1.0,4.0,660000.0
Nabeul,Nabeul,villa,À Vendre,320.0,4.0,4.0,990000.0
Nabeul,Nabeul,villa,À Vendre,620.0,4.0,4.0,720000.0
Nabeul,Nabeul,Maison,À Vendre,150.0,1.0,2.0,130000.0
Sousse,Sousse,villa,À Vendre,0.0,2.0,4.0,712092.6213115032
Ben Arous,Ben_Arous,villa,À Vendre,1014.0,4.0,6.0,682709.7532290902
Ariana,Ariana,villa,À Vendre,300.0,2.0,4.0,980000.0
Ben Arous,Ben_Arous,villa,À Vendre,524.0,2.0,3.0,650000.0
Ben Arous,Ben_Arous,Maison,,189.0,2.0,2.0,98000.0
Ben Arous,Ben_Arous,Maison,À Vendre,120.0,2.0,5.0,312182.5156045893
Tunis,Tunis,Maison,À Vendre,250.0,4.0,3.0,720000.0
Tunis,Tunis,Maison,À Vendre,60.0,4.0,5.0,270000.0
Tunis,Tunis,Maison,À Vendre,260.0,3.0,5.0,320000.0
Sfax,Sfax,villa,À Vendre,700.0,3.0,4.0,600000.0
Nabeul,Nabeul,villa,À Vendre,440.0,2.0,4.0,845000.0
Tunis,Tunis,villa,À Vendre,464.0,3.0,3.0,636496.9856366813
Ariana,Ariana,villa,À Vendre,300.0,2.0,5.0,970000.0
Ben Arous,Ben_Arous,villa,À Vendre,477.0,2.0,4.0,680000.0
Ben Arous,Ben_Arous,villa,À Vendre,169.0,3.0,6.0,480000.0
Ben Arous,Ben_Arous,villa,À Vendre,444.0,3.0,4.0,480000.0
Ariana,Ariana,villa,À Vendre,539.0,2.0,6.0,900000.0
Ariana,Ariana,villa,À Vendre,380.0,5.0,4.0,696627.3317576128
Ben Arous,Ben_Arous,villa,À Vendre,460.0,3.0,6.0,450000.0
La Manouba,La_Manouba,villa,À Vendre,565.0,4.0,9.0,752781.2801280185
Médenine,Mdenine,villa,À Vendre,450.0,4.0,5.0,576972.1407900127
Monastir,Monastir,Maison,À Vendre,490.0,2.0,2.0,218000.0
Ariana,Ariana,Maison,À Vendre,90.0,2.0,6.0,360000.0
Nabeul,Nabeul,villa,À Vendre,300.0,5.0,4.0,755219.3389948253
Sfax,Sfax,villa,À Vendre,829.0,2.0,3.0,850000.0
Ariana,Ariana,villa,À Vendre,318.0,1.0,2.0,620997.9018431583
Ariana,Ariana,Maison,À Vendre,420.0,1.0,5.0,401970.6437641308
Tunis,Tunis,Maison,À Vendre,70.0,1.0,4.0,80000.0
Ben Arous,Ben_Arous,Maison,À Vendre,120.0,3.0,5.0,312154.2035826534
Nabeul,Nabeul,villa,À Vendre,506.0,2.0,4.0,740000.0
Nabeul,Nabeul,Appartement,À Vendre,75.0,1.0,1.0,300000.0
Ariana,Ariana,villa,À Vendre,400.0,1.0,5.0,450000.0
Nabeul,Nabeul,Maison,À Vendre,350.0,3.0,6.0,200000.0
Ariana,Ariana,villa,À Vendre,306.0,2.0,7.0,810312.6399337281
Ben Arous,Ben_Arous,villa,À Vendre,600.0,4.0,5.0,644807.120850657
Tunis,Tunis,villa,À Vendre,611.0,2.0,4.0,674406.1145494571
Ariana,Ariana,villa,À Vendre,227.0,2.0,4.0,970000.0
Nabeul,Nabeul,Maison,À Vendre,550.0,4.0,9.0,611970.097651291
Nabeul,Nabeul,villa,À Vendre,380.0,2.0,4.0,980000.0
Nabeul,Nabeul,Maison,À Vendre,275.0,1.0,3.0,384819.72788130713
Nabeul,Nabeul,villa,À Vendre,316.0,2.0,3.0,950000.0
Gafsa,Gafsa,villa,À Vendre,402.0,2.0,5.0,427860.3695220265
Sfax,Sfax,Maison,À Vendre,189.0,1.0,3.0,232085.7567609737
Nabeul,Nabeul,villa,À Vendre,245.0,3.0,3.0,670000.0
Nabeul,Nabeul,villa,À Vendre,300.0,3.0,4.0,890000.0
Ariana,Ariana,Maison,À Vendre,480.0,2.0,4.0,364078.4279821857
Tunis,Tunis,villa,À Vendre,300.0,4.0,4.0,500000.0
Nabeul,Nabeul,Maison,À Vendre,280.0,1.0,5.0,460557.7486445807
Béja,Bja,villa,À Vendre,270.0,2.0,6.0,772440.892402899
Ben Arous,Ben_Arous,Maison,À Vendre,100.0,1.0,4.0,130000.0
Nabeul,Nabeul,villa,À Vendre,535.0,2.0,4.0,755323.4759579529
Ben Arous,Ben_Arous,villa,À Vendre,436.0,3.0,7.0,720559.6453309851
Nabeul,Nabeul,Maison,À Vendre,280.0,3.0,6.0,498369.9307174805
Tunis,Tunis,villa,À Vendre,241.0,3.0,6.0,550000.0
Nabeul,Nabeul,villa,À Vendre,280.0,2.0,4.0,724999.0
Nabeul,Nabeul,villa,À Vendre,269.0,2.0,3.0,620000.0
Nabeul,Nabeul,villa,À Vendre,364.0,2.0,4.0,755309.5042411797
Ariana,Ariana,villa,À Vendre,280.0,2.0,4.0,590000.0
Monastir,Monastir,villa,À Vendre,1200.0,3.0,8.0,600634.0518360096
Sousse,Sousse,villa,À Vendre,600.0,1.0,6.0,850000.0
Nabeul,Nabeul,villa,À Vendre,220.0,2.0,4.0,650000.0
Ben Arous,Ben_Arous,Maison,À Vendre,500.0,2.0,6.0,990000.0
Ariana,Ariana,Maison,À Vendre,350.0,2.0,6.0,439805.4184427435
Ben Arous,Ben_Arous,Maison,À Vendre,135.0,1.0,4.0,120000.0
Sousse,Sousse,villa,À Vendre,1200.0,3.0,6.0,787899.968658362
Tunis,Tunis,Maison,À Vendre,189.0,1.0,3.0,189999.0
Ariana,Ariana,villa,À Vendre,402.0,2.0,6.0,269997.0
Nabeul,Nabeul,villa,À Vendre,500.0,1.0,2.0,300000.0
Tunis,Tunis,villa,À Vendre,253.0,2.0,3.0,1230000.0
Nabeul,Nabeul,Maison,À Vendre,90.0,3.0,4.0,422616.794354189
Sfax,Sfax,villa,À Vendre,800.0,2.0,9.0,450000.0
Ariana,Ariana,villa,À Vendre,545.0,2.0,4.0,780000.0
Tunis,Tunis,Maison,À Vendre,140.0,1.0,4.0,341753.932634968
Ben Arous,Ben_Arous,Maison,À Vendre,256.0,2.0,4.0,274324.8214964795
Ben Arous,Ben_Arous,villa,À Vendre,363.0,2.0,4.0,606975.5744685449
Ben Arous,Ben_Arous,villa,À Vendre,373.0,1.0,4.0,540000.0
Jendouba,Jendouba,villa,À Vendre,802.0,1.0,3.0,550000.0
Ariana,Ariana,villa,À Vendre,420.0,2.0,4.0,980000.0
Nabeul,Nabeul,Maison,À Vendre,500.0,2.0,3.0,180000.0
Nabeul,Nabeul,villa,À Vendre,400.0,3.0,4.0,755284.1336333014
Nabeul,Nabeul,villa,À Vendre,329.0,4.0,3.0,1100000.0
Ben Arous,Ben_Arous,villa,À Vendre,562.0,4.0,8.0,830000.0
Ariana,Ariana,villa,À Vendre,457.0,2.0,3.0,658849.7530644941
Ariana,Ariana,villa,À Vendre,400.0,3.0,4.0,696685.5899204053
Ben Arous,Ben_Arous,villa,À Vendre,500.0,1.0,1.0,990000.0
Ben Arous,Ben_Arous,villa,À Vendre,420.0,1.0,3.0,1100000.0
Tunis,Tunis,Maison,À Vendre,120.0,1.0,2.0,130000.0
Bizerte,Bizerte,Maison,À Vendre,110.0,1.0,4.0,165000.0
Ariana,Ariana,villa,À Vendre,426.0,1.0,4.0,790000.0
Tunis,Tunis,villa,À Vendre,244.0,2.0,5.0,1200000.0
Ariana,Ariana,Maison,À Vendre,466.0,1.0,3.0,480000.0
Tunis,Tunis,villa,À Vendre,374.0,3.0,3.0,1200000.0
Bizerte,Bizerte,villa,,402.0,1.0,2.0,1200000.0
Nabeul,Nabeul,villa,À Vendre,1200.0,1.0,3.0,717537.3163172356
Ariana,Ariana,villa,À Vendre,200.0,1.0,3.0,420000.0
Ariana,Ariana,Maison,À Vendre,466.0,1.0,4.0,480000.0
Ariana,Ariana,villa,À Vendre,400.0,1.0,5.0,780000.0
Tunis,Tunis,villa,À Vendre,649.0,4.0,9.0,1180000.0
Tunis,Tunis,villa,,402.0,2.0,4.0,674389.0380067341
Tunis,Tunis,Maison,À Vendre,143.0,1.0,3.0,290000.0
Ben Arous,Ben_Arous,villa,À Vendre,125.0,2.0,6.0,250000.0
Tunis,Tunis,Maison,À Vendre,100.0,3.0,6.0,450000.0
Sfax,Sfax,Appartement,À Vendre,22.5,1.0,4.0,230000.0
Sfax,Sfax,Maison,À Vendre,512.0,1.0,3.0,450000.0
Tunis,Tunis,villa,À Vendre,500.0,4.0,3.0,636471.615028803
Tunis,Tunis,villa,À Vendre,590.0,4.0,5.0,712216.5807974901
La Manouba,La_Manouba,villa,À Vendre,518.0,3.0,4.0,563461.7213866321
Tunis,Tunis,villa,À Vendre,350.0,3.0,4.0,850000.0
Ariana,Ariana,villa,À Vendre,575.0,4.0,4.0,696671.576439027
Tunis,Tunis,villa,À Louer,402.0,2.0,3.0,636520.2318899625
La Manouba,La_Manouba,Maison,À Vendre,189.0,2.0,6.0,265000.0
Nabeul,Nabeul,villa,À Vendre,420.0,1.0,3.0,680000.0
Ben Arous,Ben_Arous,villa,À Vendre,256.0,2.0,4.0,606966.8319323184
Nabeul,Nabeul,villa,À Vendre,385.0,3.0,6.0,1250000.0
Médenine,Mdenine,villa,À Vendre,220.0,2.0,4.0,539141.1663495228
Sousse,Sousse,villa,À Vendre,405.0,2.0,5.0,750000.0
Sousse,Sousse,Maison,À Vendre,180.0,2.0,2.0,150000.0
Ariana,Ariana,villa,À Vendre,764.0,2.0,2.0,950000.0
Ben Arous,Ben_Arous,villa,À Vendre,440.0,4.0,8.0,758400.4662496052
Ben Arous,Ben_Arous,Maison,À Vendre,85.0,3.0,8.0,160000.0
Nabeul,Nabeul,villa,À Vendre,1085.0,3.0,3.0,600000.0
Ben Arous,Ben_Arous,villa,À Vendre,350.0,5.0,6.0,550000.0
Tunis,Tunis,villa,À Vendre,400.0,2.0,4.0,750000.0
Nabeul,Nabeul,villa,À Vendre,530.0,2.0,4.0,650000.0
Tunis,Tunis,Maison,À Vendre,120.0,1.0,3.0,50000.0
Ben Arous,Ben_Arous,villa,À Vendre,504.0,2.0,3.0,380000.0
Sfax,Sfax,Maison,À Louer,400.0,1.0,1.0,156365.38448204545
Tunis,Tunis,villa,À Vendre,400.0,4.0,8.0,750000.0
Tunis,Tunis,villa,À Vendre,411.0,5.0,8.0,1050000.0
Ben Arous,Ben_Arous,villa,À Vendre,440.0,2.0,4.0,550000.0
Tunis,Tunis,villa,À Vendre,550.0,2.0,8.0,970000.0
Ariana,Ariana,villa,,402.0,2.0,4.0,820000.0
Ben Arous,Ben_Arous,villa,À Vendre,0.0,2.0,4.0,606945.9152101314
Bizerte,Bizerte,Maison,À Vendre,103.0,2.0,4.0,240945.16124312265
Bizerte,Bizerte,villa,À Vendre,206.0,2.0,3.0,470000.0
Tunis,Tunis,villa,À Vendre,654.0,4.0,4.0,674353.0038612653
Tunis,Tunis,villa,À Vendre,400.0,3.0,5.0,712229.3686896779
Nabeul,Nabeul,Maison,À Vendre,245.0,1.0,3.0,270000.0
Nabeul,Nabeul,Maison,À Vendre,743.0,2.0,4.0,660000.0
Ariana,Ariana,Maison,À Vendre,324.0,1.0,3.0,350000.0
Ariana,Ariana,Appartement,À Vendre,156.0,1.0,3.0,295000.0
Tunis,Tunis,villa,À Vendre,463.0,4.0,5.0,712206.2041423426
Nabeul,Nabeul,villa,À Vendre,318.0,4.0,4.0,1000000.0
Tunis,Tunis,villa,À Vendre,520.0,4.0,6.0,980000.0
Tunis,Tunis,Maison,À Vendre,172.0,1.0,3.0,303887.74110846967
Ben Arous,Ben_Arous,Maison,À Vendre,90.0,1.0,3.0,98000.0
Ariana,Ariana,villa,À Vendre,620.0,1.0,4.0,360000.0
Nabeul,Nabeul,villa,À Vendre,520.0,4.0,5.0,793134.4324416623
Nabeul,Nabeul,villa,À Vendre,1250.0,4.0,5.0,793194.0777822735
Bizerte,Bizerte,villa,À Vendre,270.0,2.0,3.0,350000.0
Bizerte,Bizerte,villa,À Vendre,252.0,2.0,1.0,449996.0
Ariana,Ariana,Maison,À Vendre,85.0,2.0,4.0,175000.0
Ben Arous,Ben_Arous,villa,À Vendre,135.0,2.0,9.0,240000.0
Ben Arous,Ben_Arous,villa,À Vendre,245.0,2.0,8.0,400000.0
Ben Arous,Ben_Arous,villa,À Vendre,300.0,3.0,7.0,540000.0
Ben Arous,Ben_Arous,Maison,À Vendre,90.0,2.0,7.0,155000.0
Ben Arous,Ben_Arous,villa,À Vendre,187.0,1.0,3.0,230000.0
Ben Arous,Ben_Arous,villa,À Vendre,300.0,1.0,5.0,280000.0
Ben Arous,Ben_Arous,villa,À Vendre,400.0,3.0,7.0,650000.0
Ariana,Ariana,villa,À Vendre,530.0,3.0,6.0,450000.0
Tunis,Tunis,Maison,À Vendre,100.0,2.0,8.0,210000.0
Ben Arous,Ben_Arous,Maison,À Vendre,135.0,2.0,8.0,240000.0
Ben Arous,Ben_Arous,villa,À Vendre,187.0,1.0,5.0,235000.0
Ariana,Ariana,villa,À Vendre,260.0,5.0,4.0,696617.5270440876
Ariana,Ariana,villa,À Vendre,1000.0,3.0,6.0,772472.2257215744
Tunis,Tunis,villa,sale,402.0,4.0,3.0,636463.6078460908
Tunis,Tunis,villa,sale,402.0,2.0,3.0,636520.2318899625
Tunis,Tunis,Maison,À Vendre,280.0,2.0,8.0,493212.2839125646
Ariana,Ariana,villa,À Vendre,350.0,1.0,4.0,420000.0
Nabeul,Nabeul,Maison,À Vendre,200.0,1.0,3.0,384813.599935354
Sfax,Sfax,Maison,À Vendre,371.0,1.0,3.0,350000.0
Nabeul,Nabeul,villa,À Vendre,260.0,2.0,3.0,1150000.0
Tunis,Tunis,Maison,À Vendre,100.0,2.0,4.0,341722.3523751904
Ariana,Ariana,Maison,À Vendre,330.0,1.0,3.0,326225.6779954436
Ben Arous,Ben_Arous,villa,À Vendre,900.0,3.0,6.0,682728.7507731774
Ariana,Ariana,villa,À Vendre,200.0,2.0,3.0,135000.0
La Manouba,La_Manouba,Appartement,À Vendre,200.0,1.0,2.0,175000.0
Le Kef,Le_Kef,villa,À Vendre,314.0,1.0,5.0,444365.3201562977
Ben Arous,Ben_Arous,villa,À Vendre,400.0,2.0,6.0,300000.0
Tunis,Tunis,villa,À Vendre,325.0,2.0,4.0,670000.0
Nabeul,Nabeul,villa,À Vendre,315.0,3.0,6.0,370000.0
Tunis,Tunis,villa,À Vendre,520.0,2.0,6.0,950000.0
Sousse,Sousse,villa,À Vendre,218.0,1.0,4.0,950000.0
Tunis,Tunis,villa,À Vendre,520.0,2.0,7.0,975000.0
Sousse,Sousse,villa,À Vendre,218.0,2.0,4.0,712110.4332077405
Tunis,Tunis,villa,À Vendre,493.0,3.0,6.0,750105.7734594315
Ariana,Ariana,villa,À Vendre,480.0,1.0,3.0,220000.0
Nabeul,Nabeul,villa,À Vendre,400.0,2.0,4.0,850000.0
Ben Arous,Ben_Arous,villa,À Vendre,518.0,3.0,6.0,800000.0
Sousse,Sousse,villa,À Vendre,349.0,2.0,3.0,590000.0
La Manouba,La_Manouba,Maison,À Vendre,84.0,1.0,1.0,117234.4562637674
Tunis,Tunis,villa,À Vendre,220.0,2.0,5.0,500000.0
Ariana,Ariana,villa,À Vendre,600.0,3.0,5.0,1200000.0
Ben Arous,Ben_Arous,villa,À Vendre,582.0,3.0,6.0,950000.0
Tunis,Tunis,villa,À Vendre,500.0,3.0,8.0,680000.0
Tunis,Tunis,villa,À Vendre,327.0,3.0,4.0,1150000.0
Tunis,Tunis,villa,À Vendre,668.0,3.0,4.0,674382.4597664457
Sousse,Sousse,villa,À Vendre,570.0,3.0,6.0,787848.493912355
Tunis,Tunis,villa,,402.0,2.0,3.0,636520.2318899625
Sfax,Sfax,Maison,À Louer,130.0,1.0,4.0,150000.0
Tunis,Tunis,Maison,À Vendre,110.0,1.0,3.0,180000.0
Sousse,Sousse,villa,À Vendre,228.0,1.0,4.0,288000.0
Ariana,Ariana,villa,À Vendre,326.0,1.0,2.0,370000.0
Tunis,Tunis,villa,À Vendre,500.0,2.0,1.0,560790.6268391315
Bizerte,Bizerte,villa,À Vendre,115.0,2.0,3.0,300000.0
Monastir,Monastir,Maison,À Vendre,203.0,1.0,2.0,125000.0
Tunis,Tunis,villa,À Vendre,268.0,3.0,5.0,570000.0
Tunis,Tunis,villa,À Vendre,300.0,3.0,3.0,260000.0
Tunis,Tunis,villa,À Vendre,450.0,4.0,5.0,1200000.0
Nabeul,Nabeul,Maison,À Vendre,300.0,1.0,3.0,250000.0
Ariana,Ariana,villa,À Vendre,425.0,2.0,7.0,810322.3629413072
Nabeul,Nabeul,villa,À Vendre,280.0,3.0,4.0,725000.0
Tunis,Tunis,villa,À Vendre,420.0,3.0,4.0,674362.1966918272
Sfax,Sfax,villa,À Vendre,630.0,2.0,3.0,305000.0
Sfax,Sfax,villa,À Vendre,1276.0,2.0,4.0,850000.0
Sfax,Sfax,villa,À Vendre,870.0,1.0,3.0,564783.4089460678
Sfax,Sfax,villa,À Vendre,621.6,2.0,3.0,780000.0
Sfax,Sfax,villa,À Vendre,800.0,2.0,4.0,725000.0
Tunis,Tunis,Maison,À Vendre,1.0,2.0,3.0,303845.4573697605
Sfax,Sfax,Maison,À Vendre,60.6,1.0,2.0,194206.45960073016
Bizerte,Bizerte,villa,À Vendre,215.0,2.0,5.0,611465.1288616899
Ariana,Ariana,villa,À Vendre,150.0,2.0,8.0,178000.0
Tunis,Tunis,Maison,À Vendre,200.0,1.0,3.0,370000.0
Sfax,Sfax,Maison,À Louer,465.0,2.0,4.0,269948.8016969173
Sousse,Sousse,villa,À Vendre,450.0,2.0,4.0,712129.3889872225
Nabeul,Nabeul,villa,À Vendre,400.0,3.0,7.0,750000.0
Ariana,Ariana,villa,À Vendre,435.0,1.0,3.0,240000.0
Ariana,Ariana,villa,À Vendre,700.0,3.0,4.0,696710.1017042182
Ariana,Ariana,villa,À Vendre,300.0,3.0,5.0,734546.2254425727
Tunis,Tunis,Maison,À Vendre,60.0,1.0,1.0,228140.9778089696
Ben Arous,Ben_Arous,Maison,À Vendre,180.0,2.0,3.0,280000.0
Sfax,Sfax,villa,À Vendre,400.0,3.0,6.0,678294.8014578708
Bizerte,Bizerte,Maison,À Vendre,60.0,1.0,4.0,200000.0
Sfax,Sfax,villa,À Vendre,650.0,2.0,5.0,470000.0
Ariana,Ariana,villa,À Vendre,0.0,2.0,4.0,696681.2195639241
Tunis,Tunis,villa,À Vendre,456.0,4.0,7.0,787943.2444342636
Ariana,Ariana,villa,À Vendre,672.0,3.0,5.0,940000.0
Ariana,Ariana,villa,À Vendre,700.0,4.0,4.0,696681.7896822824
Tunis,Tunis,villa,,402.0,2.0,2.0,585000.0
Tunis,Tunis,villa,À Vendre,414.0,3.0,7.0,720000.0
Ben Arous,Ben_Arous,villa,À Vendre,500.0,1.0,3.0,569146.2740883171
La Manouba,La_Manouba,Maison,À Vendre,100.0,2.0,5.0,268682.6760040548
Tunis,Tunis,villa,À Vendre,365.0,3.0,8.0,825832.9273318811
Sousse,Sousse,villa,À Vendre,600.0,2.0,8.0,850000.0
Ariana,Ariana,villa,À Vendre,178.0,1.0,3.0,350000.0
Tunis,Tunis,villa,À Vendre,360.0,1.0,3.0,750000.0
Tunis,Tunis,villa,À Vendre,450.0,3.0,7.0,787971.0662205231
La Manouba,La_Manouba,Maison,À Vendre,250.0,2.0,8.0,382301.35024627607
Nabeul,Nabeul,Maison,À Vendre,133.0,1.0,2.0,155000.0
Kairouan,Kairouan,villa,À Vendre,380.0,2.0,5.0,680000.0
Sfax,Sfax,villa,À Vendre,420.0,3.0,5.0,640427.62946002
Ben Arous,Ben_Arous,villa,À Vendre,463.0,1.0,3.0,530000.0
Ben Arous,Ben_Arous,villa,À Vendre,220.0,2.0,6.0,682701.5027518042
Nabeul,Nabeul,villa,À Vendre,87.0,2.0,2.0,95000.0
Ben Arous,Ben_Arous,villa,À Vendre,400.0,3.0,5.0,780000.0
Ben Arous,Ben_Arous,villa,À Vendre,172.0,2.0,4.0,606959.9686328508
Ben Arous,Ben_Arous,villa,À Vendre,235.0,2.0,3.0,569096.3099906798
Ariana,Ariana,villa,À Vendre,420.0,2.0,4.0,696715.536061262
Sousse,Sousse,villa,À Vendre,420.0,2.0,4.0,650000.0
Tunis,Tunis,villa,À Vendre,253.0,2.0,4.0,600000.0
Tunis,Tunis,villa,À Vendre,400.0,3.0,6.0,850000.0
Tunis,Tunis,villa,À Vendre,201.0,1.0,2.0,680000.0
Tunis,Tunis,villa,À Vendre,700.0,3.0,5.0,712253.8804734907
Tunis,Tunis,villa,À Vendre,757.0,1.0,3.0,520000.0
Nabeul,Nabeul,Maison,À Vendre,420.0,2.0,4.0,422672.0693383191
Nabeul,Nabeul,Maison,À Vendre,150.0,2.0,4.0,300000.0
Ben Arous,Ben_Arous,villa,À Vendre,800.0,3.0,4.0,606982.9679450297
Tunis,Tunis,villa,À Vendre,1050.0,2.0,6.0,750179.5956933133
Nabeul,Nabeul,villa,À Vendre,320.0,3.0,4.0,780000.0
Sousse,Sousse,villa,À Vendre,300.0,2.0,5.0,1250000.0
Ariana,Ariana,villa,À Vendre,235.0,1.0,3.0,658859.9263664084
Ben Arous,Ben_Arous,villa,À Vendre,232.0,2.0,5.0,435000.0
Ariana,Ariana,villa,À Vendre,469.0,1.0,7.0,810354.2700248691
Tunis,Tunis,Maison,À Vendre,200.0,2.0,5.0,379599.3290865663
Ben Arous,Ben_Arous,Maison,À Vendre,189.0,2.0,2.0,198581.73496455132
Mahdia,Mahdia,Maison,À Vendre,1421.0,1.0,1.0,190000.0
Nabeul,Nabeul,Maison,À Vendre,189.0,1.0,3.0,250000.0
Tunis,Tunis,villa,À Vendre,661.0,2.0,3.0,650000.0
Bizerte,Bizerte,Maison,À Vendre,148.0,1.0,1.0,280000.0
Ariana,Ariana,villa,À Vendre,430.0,2.0,3.0,850000.0
Nabeul,Nabeul,villa,À Vendre,350.0,2.0,4.0,800000.0
Nabeul,Nabeul,villa,À Vendre,840.0,5.0,5.0,793132.26632246
Nabeul,Nabeul,villa,À Vendre,360.0,3.0,5.0,850000.0
Monastir,Monastir,villa,À Vendre,1255.0,2.0,6.0,524929.2454514347
Tunis,Tunis,villa,À Vendre,225.0,2.0,3.0,450000.0
Nabeul,Nabeul,Maison,À Vendre,150.0,2.0,6.0,480000.0
Sousse,Sousse,Maison,À Vendre,314.0,2.0,3.0,830000.0
Tunis,Tunis,villa,À Vendre,344.0,2.0,3.0,670000.0
Bizerte,Bizerte,villa,À Vendre,609.0,1.0,3.0,520000.0
Tunis,Tunis,villa,À Vendre,520.0,2.0,7.0,788005.0976586821
Nabeul,Nabeul,villa,À Vendre,200.0,3.0,1.0,250002.0
Tunis,Tunis,Maison,À Vendre,105.0,1.0,3.0,170000.0
Ben Arous,Ben_Arous,villa,À Vendre,210.0,2.0,6.0,380000.0
Ben Arous,Ben_Arous,villa,À Vendre,400.0,2.0,8.0,320000.0
Ben Arous,Ben_Arous,villa,À Vendre,168.0,1.0,4.0,230000.0
Sfax,Sfax,Appartement,À Vendre,220.0,1.0,4.0,230000.0
Ben Arous,Ben_Arous,Appartement,À Vendre,117.0,1.0,3.0,150000.0
Ariana,Ariana,villa,À Vendre,640.0,4.0,3.0,658808.081208748
Tunis,Tunis,villa,À Vendre,0.0,1.0,1.0,485040.47365450265
Tunis,Tunis,villa,À Vendre,334.0,5.0,7.0,787904.9642869104
Nabeul,Nabeul,Maison,À Vendre,120.0,1.0,2.0,346938.25734289887
Ariana,Ariana,villa,À Vendre,636.0,2.0,4.0,320000.0
Ben Arous,Ben_Arous,Maison,À Vendre,150.0,1.0,3.0,236475.6665713632
Ben Arous,Ben_Arous,villa,,402.0,3.0,3.0,569081.6428617331
Nabeul,Nabeul,villa,À Vendre,240.0,2.0,4.0,450000.0
Sousse,Sousse,Maison,À Vendre,520.0,1.0,4.0,420000.0
Bizerte,Bizerte,villa,À Vendre,538.0,3.0,8.0,750000.0
Nabeul,Nabeul,villa,À Vendre,345.0,2.0,4.0,755307.9518282048
Tunis,Tunis,villa,À Vendre,270.0,3.0,7.0,550000.0
Nabeul,Nabeul,villa,À Vendre,217.0,2.0,5.0,650000.0
Sfax,Sfax,villa,À Vendre,140.0,1.0,4.0,602592.5697222282
Tunis,Tunis,villa,À Vendre,370.0,3.0,3.0,1250000.0
Nabeul,Nabeul,villa,À Vendre,536.0,3.0,3.0,850000.0
Nabeul,Nabeul,Maison,À Vendre,1.0,1.0,3.0,220000.0
Sfax,Sfax,villa,À Vendre,870.0,1.0,2.0,420000.0
Monastir,Monastir,villa,À Vendre,200.0,2.0,5.0,600000.0
Ariana,Ariana,villa,À Vendre,238.0,3.0,4.0,370000.0
Sfax,Sfax,Maison,À Vendre,1.0,1.0,3.0,70000.0
Sousse,Sousse,Maison,À Vendre,125.0,2.0,2.0,160000.0
Sousse,Sousse,villa,À Vendre,500.0,1.0,3.0,460000.0
Le Kef,Le_Kef,villa,À Vendre,230.0,1.0,2.0,200000.0
Ben Arous,Ben_Arous,villa,À Vendre,582.0,1.0,6.0,950000.0
Nabeul,Nabeul,villa,À Vendre,900.0,4.0,5.0,793165.4807011585
Tunis,Tunis,Maison,À Vendre,100.0,1.0,3.0,303881.8582803546
Gabès,Gabs,villa,À Vendre,402.0,2.0,5.0,505254.1778049556
Sfax,Sfax,villa,À Vendre,684.0,2.0,5.0,640477.5118517112
Sousse,Sousse,villa,À Vendre,402.0,2.0,4.0,712125.4671018124
Ariana,Ariana,villa,À Vendre,230.0,2.0,5.0,734568.8180482856
Nabeul,Nabeul,Maison,À Vendre,230.0,1.0,5.0,460553.6633472785
Bizerte,Bizerte,Maison,À Vendre,121.0,2.0,4.0,280000.0
Sfax,Sfax,villa,À Vendre,920.0,3.0,9.0,735000.0
Nabeul,Nabeul,villa,À Vendre,834.0,2.0,4.0,755347.9060358198
Zaghouan,Zaghouan,villa,À Vendre,400.0,1.0,4.0,230000.0
Sousse,Sousse,villa,À Vendre,260.0,2.0,3.0,674245.0587407027
Médenine,Mdenine,villa,À Vendre,500.0,2.0,3.0,501295.2378976432
Ariana,Ariana,villa,À Vendre,380.0,1.0,3.0,410000.0
Nabeul,Nabeul,villa,À Vendre,90.0,2.0,2.0,300000.0
Nabeul,Nabeul,villa,À Vendre,269.0,1.0,3.0,400000.0
Sousse,Sousse,Maison,À Vendre,189.0,1.0,3.0,341625.55920463067
Bizerte,Bizerte,villa,À Vendre,430.0,1.0,3.0,600000.0
Sfax,Sfax,villa,À Vendre,1133.0,1.0,4.0,520000.0
Tunis,Tunis,villa,À Vendre,479.0,3.0,6.0,900000.0
Sousse,Sousse,Maison,À Vendre,500.0,3.0,6.0,1200000.0
Ben Arous,Ben_Arous,Maison,À Vendre,0.0,1.0,3.0,236463.4106794568
Ben Arous,Ben_Arous,Maison,À Vendre,260.0,1.0,5.0,312222.26645897125
Tunis,Tunis,Maison,À Vendre,90.0,1.0,2.0,266012.23510412255
La Manouba,La_Manouba,villa,À Vendre,400.0,2.0,7.0,630000.0
La Manouba,La_Manouba,villa,À Vendre,500.0,3.0,6.0,639197.8629131465
Tunis,Tunis,villa,À Vendre,450.0,2.0,3.0,636524.1537753725
Bizerte,Bizerte,Maison,À Vendre,504.0,1.0,3.0,109999.0
Sfax,Sfax,villa,À Vendre,350.0,1.0,3.0,564740.9218541256
Kairouan,Kairouan,Maison,À Vendre,340.0,1.0,3.0,410000.0
Sousse,Sousse,villa,À Vendre,465.0,2.0,4.0,1250000.0
Sousse,Sousse,Maison,À Vendre,1.0,2.0,2.0,303713.08034806704
Nabeul,Nabeul,villa,À Vendre,450.0,3.0,4.0,400000.0
Zaghouan,Zaghouan,villa,À Vendre,610.0,4.0,5.0,790000.0
Tunis,Tunis,villa,À Vendre,749.0,3.0,6.0,750126.6901816183
Nabeul,Nabeul,villa,À Vendre,500.0,2.0,3.0,700000.0
Ariana,Ariana,Maison,À Vendre,110.0,1.0,2.0,145000.0
Tunis,Tunis,villa,À Vendre,140.0,1.0,4.0,674395.9430708068
Nabeul,Nabeul,Maison,À Vendre,189.0,1.0,6.0,498419.1195202624
Nabeul,Nabeul,villa,À Vendre,700.0,4.0,4.0,1050000.0
Monastir,Monastir,villa,À Vendre,209.0,1.0,4.0,235000.0
Ariana,Ariana,Maison,À Vendre,230.0,2.0,4.0,364058.0014956751
Bizerte,Bizerte,villa,À Vendre,150.0,1.0,4.0,380000.0
Bizerte,Bizerte,Maison,À Vendre,160.0,1.0,2.0,165240.51827043973
Ariana,Ariana,Maison,À Vendre,116.0,2.0,5.0,401917.4931345978
Ben Arous,Ben_Arous,Maison,À Vendre,190.0,2.0,4.0,269000.0
Sousse,Sousse,Maison,À Vendre,60.0,1.0,1.0,70000.0
Gabès,Gabs,villa,À Vendre,400.0,2.0,7.0,270000.0
Ben Arous,Ben_Arous,Maison,À Vendre,100.0,1.0,3.0,236471.58127406109
Gabès,Gabs,Maison,À Vendre,500.0,2.0,6.0,210488.98066860053
Médenine,Mdenine,villa,À Vendre,490.0,2.0,5.0,577032.0330717261
Nabeul,Nabeul,Maison,À Vendre,200.0,1.0,2.0,330000.0
Nabeul,Nabeul,villa,À Vendre,834.0,3.0,4.0,755319.594013884
Tunis,Tunis,villa,À Vendre,700.0,2.0,4.0,674413.386378655
Tunis,Tunis,villa,À Vendre,740.0,5.0,6.0,750069.3307842321
Sousse,Sousse,villa,À Vendre,587.0,4.0,9.0,1050000.0
Ariana,Ariana,villa,À Vendre,150.0,1.0,3.0,658852.9813609947
Tunis,Tunis,villa,À Vendre,118.0,2.0,2.0,350000.0
Nabeul,Nabeul,villa,À Vendre,485.0,2.0,4.0,755319.3906606508
La Manouba,La_Manouba,villa,À Vendre,409.0,3.0,8.0,550000.0
Tunis,Tunis,villa,À Vendre,300.0,2.0,5.0,650000.0
Nabeul,Nabeul,villa,À Vendre,480.0,2.0,2.0,680000.0
Sfax,Sfax,Maison,sale,189.0,1.0,3.0,232085.7567609737
Ariana,Ariana,villa,À Vendre,459.0,2.0,4.0,696718.7225931578
Ariana,Ariana,villa,À Vendre,528.0,2.0,6.0,772461.9725369781
Tunis,Tunis,villa,À Vendre,486.0,2.0,2.0,598658.2890726584
Bizerte,Bizerte,villa,À Vendre,315.0,3.0,5.0,360000.0
Ariana,Ariana,villa,À Vendre,121.0,2.0,2.0,620953.4937498521
Ben Arous,Ben_Arous,villa,À Vendre,562.0,3.0,5.0,644832.3280466432
Sousse,Sousse,villa,À Vendre,280.0,2.0,6.0,570000.0
Siliana,Siliana,Maison,À Vendre,110.0,1.0,3.0,326207.7026873142
Ariana,Ariana,villa,À Vendre,110.0,1.0,1.0,135000.0
Médenine,Mdenine,Maison,À Vendre,300.0,1.0,2.0,130796.39217776003
Ben Arous,Ben_Arous,villa,À Vendre,400.0,1.0,3.0,500000.0
Sfax,Sfax,villa,À Vendre,402.0,2.0,3.0,564716.8585413839
Médenine,Mdenine,villa,À Vendre,359.0,3.0,3.0,500000.0
Nabeul,Nabeul,villa,À Vendre,600.0,5.0,4.0,755243.8507786382
Ariana,Ariana,Maison,À Vendre,140.0,1.0,4.0,120000.0
Tunis,Tunis,Maison,À Vendre,189.0,1.0,4.0,341757.93622632406
Tunis,Tunis,Maison,À Vendre,120.0,2.0,5.0,379592.7926108829
Sousse,Sousse,villa,À Vendre,120.0,3.0,3.0,470000.0
Tunis,Tunis,Maison,À Vendre,150.0,5.0,6.0,450000.0
Nabeul,Nabeul,Appartement,À Vendre,200.0,1.0,1.0,170000.0
Nabeul,Nabeul,villa,À Vendre,890.0,2.0,3.0,870000.0
Ariana,Ariana,villa,À Vendre,400.0,1.0,3.0,200000.0
Nabeul,Nabeul,Maison,À Vendre,150.0,2.0,3.0,384781.2026161159
Nabeul,Nabeul,Appartement,À Vendre,106.0,1.0,2.0,190000.0
Tunis,Tunis,villa,À Vendre,102.0,2.0,3.0,310000.0
Tunis,Tunis,villa,À Vendre,500.0,2.0,6.0,750000.0
Ariana,Ariana,villa,À Vendre,240.0,4.0,4.0,950000.0
Ben Arous,Ben_Arous,villa,À Vendre,100.0,1.0,3.0,569113.5917099
Nabeul,Nabeul,villa,À Vendre,600.0,2.0,3.0,690000.0
Sfax,Sfax,Maison,À Vendre,240.0,2.0,6.0,280000.0
Jendouba,Jendouba,villa,À Vendre,600.0,1.0,5.0,575295.9286967604
Ariana,Ariana,villa,À Vendre,1100.0,3.0,6.0,772480.3963161786
Ben Arous,Ben_Arous,Maison,À Vendre,1.0,1.0,1.0,160725.88015185957
Tunis,Tunis,villa,À Vendre,350.0,3.0,4.0,1250000.0
Nabeul,Nabeul,villa,À Vendre,320.0,2.0,4.0,990000.0
Nabeul,Nabeul,villa,À Vendre,200.0,3.0,4.0,750000.0
Nabeul,Nabeul,Maison,À Vendre,450.0,1.0,3.0,230000.0
Monastir,Monastir,villa,À Vendre,402.0,2.0,3.0,411253.1319291452
Nabeul,Nabeul,villa,À Vendre,210.0,4.0,3.0,717371.4913648455
Ben Arous,Ben_Arous,villa,À Vendre,529.0,4.0,7.0,1200000.0
Zaghouan,Zaghouan,villa,,402.0,1.0,3.0,580000.0
Nabeul,Nabeul,villa,À Vendre,1053.0,4.0,5.0,1100000.0
Nabeul,Nabeul,villa,À Vendre,450.0,4.0,4.0,1250000.0
Sousse,Sousse,Maison,À Vendre,277.0,1.0,3.0,249000.0
Ben Arous,Ben_Arous,Maison,À Vendre,630.0,2.0,6.0,950000.0
Bizerte,Bizerte,Maison,À Vendre,162.0,2.0,6.0,316687.59412748244
Ariana,Ariana,villa,À Vendre,500.0,4.0,6.0,700000.0
Médenine,Mdenine,Maison,À Vendre,189.0,1.0,3.0,168656.1289345209
Nabeul,Nabeul,villa,À Vendre,481.0,1.0,3.0,717478.5697420309
Nabeul,Nabeul,villa,À Vendre,571.0,4.0,6.0,831007.4055616821
Nabeul,Nabeul,villa,À Vendre,224.0,2.0,4.0,755298.0654087337
La Manouba,La_Manouba,Maison,À Vendre,240.0,2.0,6.0,306562.9209532724
Médenine,Mdenine,villa,À Vendre,519.0,2.0,3.0,450000.0
Médenine,Mdenine,villa,À Vendre,158.0,2.0,3.0,501267.2944640966
Ariana,Ariana,villa,À Vendre,220.0,2.0,3.0,200000.0
Médenine,Mdenine,villa,À Vendre,550.0,4.0,6.0,520000.0
Sousse,Sousse,Maison,À Vendre,215.0,1.0,3.0,225000.0
Ariana,Ariana,villa,À Vendre,120.0,2.0,2.0,210000.0
Tunis,Tunis,villa,À Vendre,888.0,2.0,8.0,1200000.0
Nabeul,Nabeul,villa,À Vendre,385.0,3.0,3.0,717414.101927339
Sousse,Sousse,villa,À Vendre,1000.0,2.0,5.0,980000.0
Ben Arous,Ben_Arous,villa,À Vendre,402.0,2.0,3.0,365000.0
Ben Arous,Ben_Arous,Maison,À Vendre,500.0,2.0,6.0,350082.36998085724
Ariana,Ariana,villa,À Vendre,300.0,2.0,3.0,240000.0
Monastir,Monastir,Maison,,189.0,1.0,2.0,70000.0
Ariana,Ariana,villa,À Vendre,630.0,2.0,3.0,400000.0
Ariana,Ariana,villa,,402.0,2.0,3.0,650000.0
Sfax,Sfax,Maison,À Vendre,110.0,1.0,3.0,232079.3019912363
Sousse,Sousse,Maison,À Vendre,150.0,1.0,3.0,220000.0
Nabeul,Nabeul,villa,À Vendre,700.0,4.0,5.0,1050000.0
Tunis,Tunis,villa,À Vendre,230.0,4.0,5.0,712187.1666569146
Sousse,Sousse,Appartement,À Vendre,120.0,1.0,3.0,346324.4225505299
Bizerte,Bizerte,Maison,À Vendre,200.0,2.0,4.0,240953.08671988884
Sfax,Sfax,villa,,402.0,2.0,4.0,602585.6646581555
Ben Arous,Ben_Arous,villa,À Vendre,430.0,2.0,6.0,750000.0
Sousse,Sousse,villa,À Vendre,100.0,2.0,4.0,712100.7919061074
Tunis,Tunis,villa,À Vendre,266.0,4.0,4.0,730000.0
Ben Arous,Ben_Arous,villa,À Vendre,1440.0,4.0,8.0,1200000.0
Nabeul,Nabeul,Maison,À Vendre,107.0,2.0,5.0,460515.30149397935
Nabeul,Nabeul,villa,,402.0,3.0,3.0,799999.0
Ariana,Ariana,villa,,402.0,1.0,5.0,480000.0
Tunis,Tunis,villa,À Vendre,670.0,2.0,9.0,863754.9657841318
Nabeul,Nabeul,villa,À Vendre,700.0,5.0,4.0,1050000.0
Ben Arous,Ben_Arous,villa,À Vendre,437.0,3.0,5.0,780000.0
Ariana,Ariana,villa,À Vendre,480.0,4.0,4.0,1150000.0
Ben Arous,Ben_Arous,villa,À Vendre,340.0,1.0,2.0,750000.0
Ariana,Ariana,villa,À Vendre,378.0,1.0,6.0,772478.0286670076
Nabeul,Nabeul,villa,À Vendre,779.0,2.0,3.0,717474.6060920157
Nabeul,Nabeul,villa,À Vendre,400.0,2.0,3.0,717443.6395384655
Nabeul,Nabeul,villa,À Vendre,205.0,2.0,4.0,645000.0
Béja,Bja,villa,À Vendre,278.0,1.0,5.0,734601.0519556315
Sfax,Sfax,villa,À Vendre,878.0,1.0,3.0,1250000.0
Ben Arous,Ben_Arous,villa,,402.0,2.0,3.0,220000.0
Tunis,Tunis,villa,À Vendre,250.0,1.0,3.0,190000.0
Tunis,Tunis,Maison,,189.0,3.0,3.0,303832.50606568065
Bizerte,Bizerte,villa,À Vendre,402.0,2.0,3.0,535742.7956400567
Sousse,Sousse,villa,À Vendre,506.0,2.0,4.0,712133.9645202009
Tunis,Tunis,Maison,À Vendre,100.0,2.0,3.0,315000.0
La Manouba,La_Manouba,villa,À Vendre,500.0,3.0,3.0,525591.4445628317
Ariana,Ariana,Maison,À Vendre,200.0,1.0,2.0,330000.0
Nabeul,Nabeul,Maison,À Vendre,460.0,1.0,3.0,384834.8434813251
Monastir,Monastir,Maison,À Vendre,185.0,2.0,4.0,295000.0
Nabeul,Nabeul,villa,À Vendre,1200.0,4.0,8.0,906796.410835286
Ariana,Ariana,villa,À Vendre,1250.0,4.0,5.0,1100000.0
Tunis,Tunis,villa,À Vendre,1.0,1.0,1.0,560778.167593992
Ariana,Ariana,villa,À Vendre,170.0,2.0,5.0,734563.9156915231
Sousse,Sousse,villa,À Vendre,638.0,2.0,7.0,825751.1680553935
Jendouba,Jendouba,Maison,,189.0,1.0,6.0,250000.0
Ben Arous,Ben_Arous,Maison,À Vendre,126.5,1.0,2.0,175000.0
Ariana,Ariana,villa,À Vendre,275.0,1.0,3.0,300000.0
Ariana,Ariana,villa,À Vendre,380.0,3.0,3.0,990000.0
Ben Arous,Ben_Arous,villa,À Vendre,190.0,1.0,4.0,170000.0
Sousse,Sousse,villa,À Vendre,160.0,1.0,3.0,260000.0
Ben Arous,Ben_Arous,villa,À Vendre,324.0,3.0,7.0,720550.4942650283
Sousse,Sousse,Maison,À Vendre,204.0,1.0,1.0,210000.0
Nabeul,Nabeul,Maison,À Vendre,140.0,1.0,3.0,384808.69757859135
Sousse,Sousse,villa,À Vendre,1132.0,4.0,6.0,787866.1006320952
Sousse,Sousse,villa,À Vendre,740.0,5.0,7.0,825674.565996082
Ariana,Ariana,villa,,402.0,2.0,3.0,658845.2592374617
Ariana,Ariana,villa,À Vendre,220.0,1.0,2.0,190000.0
Ben Arous,Ben_Arous,villa,À Vendre,436.0,3.0,4.0,606953.2269806701
Ben Arous,Ben_Arous,villa,À Vendre,1220.0,2.0,8.0,758520.8209313902
Tunis,Tunis,Maison,À Vendre,189.0,1.0,3.0,230000.0
Sfax,Sfax,Maison,À Vendre,400.0,1.0,3.0,232102.99671558876
Ben Arous,Ben_Arous,Maison,À Vendre,70.0,2.0,3.0,236440.8180737439
Ariana,Ariana,Maison,À Vendre,250.0,2.0,4.0,364059.635614596
Sfax,Sfax,villa,À Vendre,870.0,1.0,2.0,430000.0
Ariana,Ariana,Maison,À Vendre,151.0,1.0,2.0,115000.0
Ariana,Ariana,villa,À Vendre,538.0,2.0,4.0,360000.0
Ariana,Ariana,villa,À Vendre,460.0,3.0,4.0,825000.0
Ariana,Ariana,villa,À Louer,350.0,2.0,3.0,450000.0
Sousse,Sousse,villa,À Vendre,200.0,2.0,3.0,674240.15638394
Ariana,Ariana,villa,À Vendre,420.0,5.0,9.0,1250000.0
Ariana,Ariana,villa,À Vendre,538.0,2.0,4.0,370000.0
Nabeul,Nabeul,villa,À Vendre,487.0,4.0,4.0,1250000.0
Tunis,Tunis,villa,À Vendre,500.0,3.0,1.0,560762.3148171955
Ariana,Ariana,villa,À Vendre,460.0,3.0,5.0,734559.2983939396
Nabeul,Nabeul,villa,À Vendre,200.0,1.0,2.0,410000.0
Ariana,Ariana,villa,À Vendre,880.0,3.0,4.0,696724.808774506
Ariana,Ariana,Maison,À Vendre,189.0,1.0,3.0,280000.0
Ariana,Ariana,Maison,À Vendre,187.0,1.0,3.0,326213.9940451595
Tunis,Tunis,villa,À Vendre,526.0,2.0,4.0,674399.1695440435
Tunis,Tunis,villa,À Vendre,415.0,4.0,9.0,650000.0
Tunis,Tunis,villa,À Vendre,200.0,2.0,3.0,636503.7272888619
Ben Arous,Ben_Arous,villa,À Vendre,386.0,4.0,6.0,620000.0
Tunis,Tunis,villa,À Vendre,574.0,3.0,4.0,674374.7794075176
Tunis,Tunis,villa,À Vendre,150.0,1.0,4.0,674396.7601302674
Tunis,Tunis,villa,À Vendre,580.0,4.0,3.0,1200000.0
La Manouba,La_Manouba,villa,À Vendre,0.0,2.0,4.0,563447.7097285178
Ariana,Ariana,villa,À Vendre,702.0,3.0,9.0,886054.2956999685
Sousse,Sousse,villa,À Vendre,800.0,4.0,2.0,636363.7497909224
Bizerte,Bizerte,Maison,À Vendre,220.0,3.0,5.0,278795.21493364545
La Manouba,La_Manouba,villa,À Vendre,328.0,2.0,4.0,650000.0
Ariana,Ariana,villa,À Vendre,550.0,1.0,3.0,658885.6637394119
Sousse,Sousse,villa,À Vendre,280.0,2.0,4.0,950000.0
Nabeul,Nabeul,villa,À Vendre,245.0,2.0,3.0,589999.0
Ben Arous,Ben_Arous,villa,À Vendre,80.0,1.0,2.0,300000.0
Tunis,Tunis,villa,À Vendre,400.0,2.0,5.0,820000.0
Nabeul,Nabeul,villa,À Vendre,600.0,4.0,5.0,800000.0
Tunis,Tunis,villa,À Vendre,330.0,2.0,6.0,750120.7674121624
Ben Arous,Ben_Arous,villa,À Vendre,270.0,2.0,3.0,590000.0
Tunis,Tunis,villa,À Vendre,150.0,3.0,8.0,825815.3605534821
Sousse,Sousse,villa,À Vendre,414.0,2.0,7.0,825732.8659234799
Nabeul,Nabeul,villa,À Vendre,443.0,3.0,4.0,1180000.0
Sfax,Sfax,villa,sale,402.0,2.0,3.0,470000.0
Tunis,Tunis,villa,À Vendre,285.0,4.0,4.0,674322.8543671754
Ben Arous,Ben_Arous,villa,À Vendre,400.0,1.0,4.0,620000.0
Tunis,Tunis,villa,À Vendre,280.0,3.0,4.0,950000.0
Nabeul,Nabeul,Maison,À Vendre,300.0,3.0,5.0,460502.7587196297
Tunis,Tunis,villa,À Vendre,530.0,4.0,4.0,674342.8723239559
Nabeul,Nabeul,villa,À Vendre,300.0,3.0,1.0,641669.5446883821
Nabeul,Nabeul,villa,À Vendre,285.0,3.0,4.0,755274.7374495063
Tunis,Tunis,villa,À Vendre,587.0,2.0,4.0,674404.1536067522
Sousse,Sousse,villa,À Vendre,435.0,2.0,3.0,674259.3572812602
Ben Arous,Ben_Arous,Maison,À Vendre,269.0,2.0,6.0,350063.49590732134
Tunis,Tunis,villa,À Vendre,430.0,3.0,5.0,870000.0
Ben Arous,Ben_Arous,villa,À Vendre,316.0,4.0,4.0,800000.0
Nabeul,Nabeul,villa,À Vendre,300.0,3.0,5.0,793144.7691554686
Sfax,Sfax,villa,À Vendre,160.0,2.0,4.0,220000.0
Béja,Bja,villa,À Vendre,477.0,4.0,9.0,886007.599840173
Tunis,Tunis,villa,À Vendre,220.0,2.0,5.0,712242.973641326
Ben Arous,Ben_Arous,villa,À Vendre,470.0,2.0,5.0,680000.0
Tunis,Tunis,villa,À Vendre,500.0,3.0,4.0,674368.7331675105
Tunis,Tunis,villa,À Vendre,368.0,4.0,6.0,750067.2481942403
Nabeul,Nabeul,villa,À Vendre,225.0,2.0,3.0,670000.0
Nabeul,Nabeul,villa,À Vendre,1012.0,2.0,3.0,1050000.0
Sfax,Sfax,Maison,À Vendre,120.0,1.0,3.0,120000.0
Ariana,Ariana,villa,À Vendre,468.0,2.0,5.0,830000.0
Tunis,Tunis,Maison,À Vendre,75.0,1.0,3.0,303879.81563170353
Sfax,Sfax,Maison,À Vendre,600.0,2.0,3.0,400000.0
Kairouan,Kairouan,villa,À Vendre,520.0,3.0,5.0,550000.0
Kairouan,Kairouan,Maison,À Vendre,138.0,2.0,5.0,230000.0
Ariana,Ariana,villa,À Vendre,429.0,4.0,3.0,881000.0
Nabeul,Nabeul,villa,À Vendre,968.0,3.0,4.0,755330.5426106537
Tunis,Tunis,villa,À Vendre,498.0,4.0,8.0,825815.482200769
Tunis,Tunis,villa,À Vendre,350.0,1.0,2.0,598675.4890859325
Jendouba,Jendouba,Maison,À Vendre,189.0,1.0,3.0,166882.7248835546
Ariana,Ariana,villa,À Vendre,200.0,3.0,9.0,230000.0
Tunis,Tunis,Maison,À Vendre,100.0,2.0,3.0,303853.5462584187
Kairouan,Kairouan,Maison,À Vendre,106.0,1.0,3.0,50000.0
Sousse,Sousse,villa,À Vendre,450.0,1.0,3.0,950000.0
Tunis,Tunis,Maison,À Vendre,200.0,1.0,5.0,320000.0
Ben Arous,Ben_Arous,villa,À Vendre,288.0,3.0,6.0,682678.7467341991
Tunis,Tunis,villa,À Vendre,480.0,2.0,4.0,255000.0
Ben Arous,Ben_Arous,villa,À Vendre,180.0,1.0,3.0,380000.0
Ben Arous,Ben_Arous,villa,,402.0,1.0,2.0,550000.0
Ariana,Ariana,villa,À Vendre,596.0,2.0,3.0,430000.0
Ben Arous,Ben_Arous,villa,À Vendre,256.0,2.0,4.0,260000.0
Ben Arous,Ben_Arous,villa,À Vendre,447.0,2.0,3.0,650000.0
Sousse,Sousse,villa,À Vendre,200.0,2.0,4.0,712108.9625007117
Nabeul,Nabeul,villa,À Vendre,240.0,3.0,7.0,868877.4790322494
Sfax,Sfax,villa,À Vendre,1000.0,1.0,4.0,602662.8368358249
Ben Arous,Ben_Arous,villa,À Vendre,233.0,1.0,3.0,569124.4586007237
Sousse,Sousse,Maison,À Vendre,460.0,1.0,4.0,379516.5076327799
La Manouba,La_Manouba,Maison,À Vendre,65.0,1.0,2.0,75000.0
Zaghouan,Zaghouan,Maison,À Vendre,212.0,1.0,4.0,213773.18242620784
Tunis,Tunis,villa,À Vendre,600.0,3.0,6.0,750114.515995658
Sousse,Sousse,villa,À Vendre,1111.0,4.0,4.0,712126.7725736849
Nabeul,Nabeul,villa,À Vendre,800.0,2.0,4.0,755345.1280336543
Ben Arous,Ben_Arous,villa,À Vendre,485.0,3.0,6.0,650000.0
Kasserine,Kasserine,Maison,À Vendre,530.0,1.0,5.0,401979.6314181954
Sousse,Sousse,villa,À Vendre,402.0,3.0,5.0,450000.0
Sousse,Sousse,villa,À Vendre,418.0,2.0,6.0,787864.3866304923
Sfax,Sfax,Maison,À Vendre,147.0,1.0,3.0,232082.3251112399
Ariana,Ariana,Maison,À Vendre,115.0,1.0,2.0,130000.0
Ariana,Ariana,villa,À Vendre,150.0,1.0,5.0,734590.593594538
Tunis,Tunis,Maison,À Vendre,300.0,1.0,3.0,303898.19946956314
Ben Arous,Ben_Arous,Maison,À Vendre,180.0,2.0,3.0,200000.0
Ben Arous,Ben_Arous,villa,À Vendre,300.0,2.0,4.0,470000.0
Sfax,Sfax,Maison,À Vendre,259.0,2.0,3.0,232063.1641552608
Sfax,Sfax,Maison,À Vendre,288.0,1.0,6.0,150000.0
Sousse,Sousse,villa,À Vendre,218.0,2.0,4.0,950000.0
Nabeul,Nabeul,villa,À Vendre,800.0,3.0,6.0,1250000.0
Ben Arous,Ben_Arous,Maison,À Vendre,156.0,2.0,3.0,260000.0
Bizerte,Bizerte,villa,À Vendre,249.0,2.0,4.0,573599.1007470838
Sousse,Sousse,Maison,À Vendre,200.0,2.0,3.0,680000.0
Le Kef,Le_Kef,Maison,À Vendre,120.0,2.0,4.0,73810.3406282189
Ariana,Ariana,Maison,À Vendre,218.0,1.0,3.0,250000.0
Gabès,Gabs,Maison,À Vendre,189.0,1.0,3.0,96885.4637910022
Tunis,Tunis,villa,À Vendre,530.0,5.0,6.0,980000.0
Ben Arous,Ben_Arous,villa,À Vendre,200.0,2.0,3.0,569093.4502825683
Ariana,Ariana,villa,À Vendre,280.0,3.0,5.0,850000.0
Ben Arous,Ben_Arous,villa,,402.0,2.0,3.0,305000.0
Tunis,Tunis,Maison,À Vendre,200.0,2.0,4.0,160000.0
Kairouan,Kairouan,villa,À Vendre,360.0,2.0,3.0,450000.0
Le Kef,Le_Kef,Maison,À Vendre,200.0,1.0,5.0,275000.0
Bizerte,Bizerte,villa,À Vendre,600.0,2.0,6.0,577000.0
Bizerte,Bizerte,villa,À Vendre,1105.0,2.0,5.0,1250000.0
Ariana,Ariana,Maison,À Vendre,150.0,3.0,3.0,400000.0
Tunis,Tunis,villa,À Vendre,1300.0,2.0,4.0,674462.4099462805
Sfax,Sfax,villa,À Vendre,350.0,2.0,4.0,602581.4159489612
Tunis,Tunis,villa,À Vendre,600.0,1.0,5.0,712302.3339227582
Tunis,Tunis,villa,À Vendre,368.0,2.0,3.0,636517.4538877971
Nabeul,Nabeul,villa,À Vendre,953.0,4.0,6.0,831038.6172330703
Ben Arous,Ben_Arous,Maison,À Vendre,110.0,2.0,4.0,274312.89242835727
Ben Arous,Ben_Arous,Maison,À Vendre,191.0,1.0,4.0,150000.0
Nabeul,Nabeul,villa,À Vendre,1000.0,2.0,5.0,793230.2753396346
Nabeul,Nabeul,Maison,À Vendre,170.0,2.0,4.0,230000.0
Tunis,Tunis,villa,À Vendre,280.0,3.0,1.0,240000.0
Le Kef,Le_Kef,villa,À Vendre,1420.0,2.0,3.0,240000.0
Nabeul,Nabeul,villa,À Vendre,2.0,4.0,7.0,1100000.0
Ariana,Ariana,villa,À Vendre,217.0,2.0,3.0,270000.0
Médenine,Mdenine,villa,À Vendre,295.0,2.0,5.0,577016.1004122477
Médenine,Mdenine,villa,,402.0,2.0,3.0,900000.0
Ariana,Ariana,villa,À Vendre,634.0,3.0,3.0,800000.0
Bizerte,Bizerte,villa,,402.0,2.0,4.0,573611.6017568284
Ariana,Ariana,Maison,À Vendre,108.0,1.0,2.0,288338.73315865046
Mahdia,Mahdia,Maison,À Vendre,528.0,1.0,1.0,480000.0
Tunis,Tunis,Maison,À Vendre,80.0,1.0,3.0,303880.2241614337
Ariana,Ariana,villa,À Vendre,437.0,2.0,6.0,772454.5372958882
Sousse,Sousse,villa,À Vendre,900.0,3.0,10.0,950000.0
Tunis,Tunis,villa,À Vendre,285.0,1.0,4.0,440000.0
Tunis,Tunis,Maison,sale,189.0,1.0,3.0,303889.1301095524
Ariana,Ariana,villa,À Vendre,200.0,1.0,2.0,330000.0
Ben Arous,Ben_Arous,villa,À Vendre,460.0,2.0,4.0,606983.4999453111
Tunis,Tunis,villa,À Vendre,268.0,1.0,4.0,350000.0
Nabeul,Nabeul,villa,À Vendre,229.0,2.0,4.0,330000.0
Ben Arous,Ben_Arous,villa,À Vendre,61.0,2.0,3.0,165000.0
Tunis,Tunis,Maison,À Vendre,189.0,1.0,3.0,130000.0
Tunis,Tunis,Appartement,À Vendre,90.0,1.0,2.0,120000.0
Ariana,Ariana,villa,À Vendre,1.0,2.0,5.0,220000.0
Bizerte,Bizerte,villa,À Vendre,150.0,2.0,2.0,340000.0
Médenine,Mdenine,villa,À Vendre,360.0,2.0,2.0,430000.0
Tunis,Tunis,villa,À Vendre,316.0,2.0,10.0,901594.8479960044
Ariana,Ariana,villa,À Louer,400.0,3.0,4.0,970000.0
Tunis,Tunis,Maison,À Vendre,189.0,1.0,3.0,303889.1301095524
Mahdia,Mahdia,Maison,À Vendre,189.0,1.0,6.0,382390.78113545134
Sfax,Sfax,Maison,À Vendre,120.0,1.0,3.0,80000.0
Ben Arous,Ben_Arous,villa,À Vendre,186.0,2.0,3.0,569092.3063993237
Nabeul,Nabeul,villa,À Vendre,129.0,2.0,7.0,868896.7216941745
Sousse,Sousse,Maison,À Vendre,110.0,1.0,2.0,130000.0
Nabeul,Nabeul,Maison,À Vendre,300.0,1.0,3.0,384821.7705299582
Tunis,Tunis,Maison,À Vendre,260.0,1.0,4.0,341763.7373484931
Tunis,Tunis,villa,À Vendre,350.0,4.0,5.0,712196.9713704397
Nabeul,Nabeul,Maison,À Vendre,100.0,1.0,2.0,150000.0
Ben Arous,Ben_Arous,villa,À Vendre,400.0,3.0,9.0,650000.0
Ariana,Ariana,villa,À Vendre,200.0,1.0,4.0,280000.0
Nabeul,Nabeul,villa,À Vendre,537.0,2.0,4.0,755323.6393698449
Ben Arous,Ben_Arous,villa,À Vendre,260.0,2.0,3.0,450000.0
Sousse,Sousse,villa,À Vendre,1000.0,3.0,6.0,787883.6274691534
Sfax,Sfax,Maison,À Vendre,209.0,2.0,3.0,180000.0
Sousse,Sousse,villa,À Vendre,400.0,2.0,3.0,900000.0
Bizerte,Bizerte,villa,À Vendre,225.0,1.0,2.0,497887.8395927714
Ben Arous,Ben_Arous,Maison,À Vendre,189.0,2.0,3.0,236450.541081323
Nabeul,Nabeul,villa,À Vendre,370.0,2.0,4.0,900000.0
Ariana,Ariana,Maison,À Vendre,256.0,1.0,3.0,326219.6317554364
Ariana,Ariana,villa,À Vendre,475.0,2.0,4.0,696720.0298882944
Ben Arous,Ben_Arous,villa,À Vendre,315.0,2.0,6.0,700000.0
Ben Arous,Ben_Arous,villa,À Vendre,407.0,2.0,4.0,650000.0
Nabeul,Nabeul,Appartement,À Vendre,1300.0,3.0,7.0,780000.0
Tunis,Tunis,Maison,À Vendre,112.0,2.0,6.0,417460.9450800861
Ariana,Ariana,villa,À Vendre,300.0,2.0,4.0,850000.0
Bizerte,Bizerte,villa,À Vendre,270.0,2.0,4.0,340000.0
Bizerte,Bizerte,villa,À Vendre,313.0,3.0,5.0,360000.0
Ben Arous,Ben_Arous,villa,À Vendre,566.0,2.0,3.0,890000.0
Ben Arous,Ben_Arous,villa,À Vendre,260.0,2.0,3.0,485000.0
La Manouba,La_Manouba,Maison,À Vendre,319.0,2.0,3.0,192962.9573726949
Ariana,Ariana,Maison,À Vendre,100.0,1.0,3.0,326206.88562785374
Ariana,Ariana,villa,À Vendre,430.0,1.0,4.0,300000.0
Ariana,Ariana,Maison,À Vendre,257.0,1.0,3.0,290000.0
Ariana,Ariana,villa,À Vendre,120.0,3.0,6.0,772400.3244890566
Tunis,Tunis,Maison,À Vendre,120.0,1.0,3.0,85000.0
Tunis,Tunis,villa,À Vendre,162.0,2.0,5.0,712238.2346964555
Ariana,Ariana,villa,À Vendre,756.0,1.0,3.0,155000.0
Ben Arous,Ben_Arous,Maison,À Vendre,206.0,1.0,3.0,236480.24210434165
Nabeul,Nabeul,villa,À Vendre,200.0,2.0,3.0,280000.0
Tunis,Tunis,villa,À Vendre,260.0,1.0,4.0,420000.0
Tunis,Tunis,villa,À Vendre,470.0,3.0,4.0,674366.2819891293
Tunis,Tunis,villa,À Vendre,232.0,2.0,4.0,400000.0
Ariana,Ariana,villa,À Vendre,300.0,3.0,5.0,1000000.0
Sfax,Sfax,villa,À Vendre,468.0,1.0,4.0,602619.3692725301
Ben Arous,Ben_Arous,villa,À Vendre,546.0,1.0,1.0,399997.0
Sousse,Sousse,villa,À Vendre,218.0,2.0,3.0,750000.0
Nabeul,Nabeul,villa,À Vendre,300.0,4.0,7.0,990000.0
Ben Arous,Ben_Arous,villa,À Vendre,720.0,4.0,8.0,750000.0
Gabès,Gabs,Maison,À Vendre,360.0,3.0,5.0,459999.0
Sfax,Sfax,villa,À Vendre,816.0,2.0,6.0,1250000.0
Ariana,Ariana,villa,À Vendre,370.0,2.0,8.0,999999.0
Gafsa,Gafsa,villa,À Vendre,0.0,2.0,3.0,352089.91149817395
Nabeul,Nabeul,villa,À Vendre,1050.0,5.0,7.0,868887.0368046723
Ben Arous,Ben_Arous,villa,À Vendre,400.0,1.0,3.0,280000.0
Tunis,Tunis,villa,À Vendre,300.0,2.0,5.0,750000.0
Ben Arous,Ben_Arous,villa,À Vendre,270.0,4.0,6.0,550000.0
Tunis,Tunis,villa,À Vendre,520.0,4.0,7.0,787948.4736148103
Monastir,Monastir,villa,À Vendre,589.0,1.0,2.0,299000.0
Tunis,Tunis,Maison,À Vendre,189.0,2.0,3.0,750100.0
Nabeul,Nabeul,villa,À Vendre,300.0,2.0,4.0,755304.275060633
Tunis,Tunis,villa,À Vendre,876.0,4.0,7.0,787977.5609316016
Ben Arous,Ben_Arous,villa,À Vendre,480.0,2.0,5.0,750000.0
Ben Arous,Ben_Arous,Maison,À Vendre,119.0,1.0,4.0,270000.0
Bizerte,Bizerte,Maison,À Vendre,300.0,2.0,4.0,240961.25731449312
Ariana,Ariana,Maison,À Vendre,140.0,1.0,4.0,364078.9599824671
Tunis,Tunis,villa,,402.0,2.0,8.0,825864.2624738207
Tunis,Tunis,villa,À Vendre,74.0,1.0,3.0,150000.0
Ben Arous,Ben_Arous,Maison,À Vendre,450.0,1.0,3.0,290000.0
Nabeul,Nabeul,villa,,402.0,3.0,5.0,1100000.0
Le Kef,Le_Kef,Maison,À Vendre,100.0,1.0,4.0,93000.0
La Manouba,La_Manouba,Maison,À Vendre,450.0,2.0,4.0,250000.0
Sousse,Sousse,villa,À Vendre,307.0,1.0,3.0,600000.0
Sousse,Sousse,villa,À Vendre,400.0,3.0,7.0,825703.4100182992
Tunis,Tunis,Maison,À Vendre,205.0,1.0,9.0,531103.2741053189
Tunis,Tunis,Maison,À Vendre,440.0,3.0,6.0,417459.4326084523
Ben Arous,Ben_Arous,villa,À Vendre,420.0,2.0,3.0,650000.0
Tunis,Tunis,villa,À Vendre,300.0,2.0,3.0,636511.8978834662
Sfax,Sfax,Maison,À Vendre,132.0,1.0,3.0,232081.09952204925
Tunis,Tunis,Maison,À Vendre,80.0,1.0,6.0,90000.0
Ben Arous,Ben_Arous,villa,À Vendre,200.0,2.0,2.0,531224.6441657967
Sousse,Sousse,villa,À Vendre,390.0,3.0,5.0,540000.0
Sousse,Sousse,villa,À Vendre,140.0,2.0,4.0,390000.0
Ariana,Ariana,villa,À Vendre,402.0,2.0,6.0,772451.6775877767
Ariana,Ariana,villa,À Vendre,375.0,2.0,3.0,658843.0531769185
Sousse,Sousse,villa,À Vendre,180.0,2.0,4.0,450000.0
Sousse,Sousse,villa,À Vendre,400.0,2.0,3.0,674256.4975731487
Bizerte,Bizerte,Maison,À Vendre,556.0,1.0,7.0,580000.0
Tunis,Tunis,villa,À Vendre,1033.0,3.0,5.0,712281.088553523
Bizerte,Bizerte,Maison,À Vendre,381.0,3.0,4.0,830000.0
Ariana,Ariana,villa,À Vendre,400.0,2.0,4.0,850000.0
Nabeul,Nabeul,Maison,À Vendre,154.0,2.0,3.0,384781.52943990007
Tunis,Tunis,Maison,À Vendre,204.0,2.0,5.0,379599.6559103504
Ben Arous,Ben_Arous,villa,À Vendre,450.0,2.0,5.0,320000.0
Ariana,Ariana,villa,À Vendre,450.0,2.0,4.0,696717.9872396435
Nabeul,Nabeul,villa,À Vendre,402.0,3.0,3.0,790000.0
Nabeul,Nabeul,Appartement,À Vendre,100.0,1.0,2.0,165000.0
Ben Arous,Ben_Arous,villa,À Louer,511.0,2.0,4.0,606987.6669485592
Nabeul,Nabeul,villa,À Vendre,560.0,3.0,5.0,793166.0127014397
Nabeul,Nabeul,villa,À Vendre,300.0,3.0,3.0,620000.0
Ben Arous,Ben_Arous,villa,À Vendre,530.0,2.0,5.0,644858.0254783058
Ben Arous,Ben_Arous,villa,À Vendre,396.0,2.0,5.0,644847.076881536
Tunis,Tunis,villa,À Vendre,101.0,2.0,7.0,470000.0
Médenine,Mdenine,villa,À Vendre,610.0,3.0,4.0,539144.7196465437
Bizerte,Bizerte,villa,À Vendre,350.0,4.0,4.0,920000.0
Tunis,Tunis,villa,À Vendre,225.0,1.0,3.0,430000.0
Ariana,Ariana,villa,À Vendre,550.0,2.0,6.0,772463.770067791
Nabeul,Nabeul,villa,À Vendre,300.0,2.0,4.0,1180000.0
Nabeul,Nabeul,villa,À Vendre,289.0,2.0,2.0,415000.0
Sousse,Sousse,Maison,À Vendre,165.0,1.0,3.0,165000.0
Tunis,Tunis,villa,À Vendre,452.0,2.0,4.0,540000.0
Ben Arous,Ben_Arous,villa,À Vendre,140.0,1.0,3.0,569116.8599477417
Ben Arous,Ben_Arous,villa,À Vendre,420.0,2.0,3.0,700000.0
Ariana,Ariana,Maison,À Vendre,150.0,1.0,1.0,90000.0
Tunis,Tunis,Maison,À Vendre,100.0,1.0,2.0,110000.0
Sousse,Sousse,villa,À Vendre,1000.0,2.0,4.0,1100000.0
Sousse,Sousse,Maison,À Vendre,267.0,1.0,2.0,400000.0
Sousse,Sousse,villa,,402.0,3.0,4.0,1000000.0
Sousse,Sousse,villa,,615.0,2.0,3.0,900000.0
Sousse,Sousse,villa,À Vendre,1000.0,2.0,5.0,750043.1333743178
Sousse,Sousse,villa,,402.0,5.0,3.0,674171.724919233
Sousse,Sousse,villa,À Vendre,600.0,1.0,3.0,600000.0
Sousse,Sousse,villa,À Vendre,207.0,1.0,3.0,360000.0
Sfax,Sfax,villa,,402.0,2.0,3.0,564716.8585413839
Nabeul,Nabeul,villa,À Vendre,600.0,1.0,3.0,717488.2927496099
Tunis,Tunis,villa,À Vendre,443.0,4.0,8.0,930000.0
Sousse,Sousse,Maison,À Vendre,320.0,1.0,5.0,417373.8749171056
Ariana,Ariana,villa,À Vendre,620.0,2.0,3.0,658863.071133699
Monastir,Monastir,Maison,À Vendre,220.0,1.0,7.0,120000.0
Sousse,Sousse,villa,À Vendre,350.0,2.0,3.0,674252.4122758466
Tunis,Tunis,Maison,À Vendre,290.0,5.0,10.0,568865.7771397607
Ariana,Ariana,villa,À Vendre,402.0,2.0,3.0,620000.0
Monastir,Monastir,Maison,À Vendre,4.0,4.0,8.0,267866.00906676776
La Manouba,La_Manouba,villa,À Vendre,400.0,2.0,4.0,600000.0
Ben Arous,Ben_Arous,villa,À Vendre,620.0,3.0,4.0,850000.0
Sousse,Sousse,Maison,À Vendre,140.0,1.0,3.0,155000.0
Mahdia,Mahdia,Maison,À Vendre,0.0,1.0,2.0,230900.11424456272
Médenine,Mdenine,villa,À Vendre,108.0,1.0,3.0,501291.5211887303
La Manouba,La_Manouba,Maison,À Vendre,80.0,1.0,3.0,170000.0
Sfax,Sfax,villa,À Vendre,220.0,4.0,3.0,564645.3640153322
Sousse,Sousse,Maison,À Vendre,140.0,1.0,2.0,303752.7494965029
Nabeul,Nabeul,villa,À Vendre,420.0,3.0,3.0,750000.0
Médenine,Mdenine,Maison,À Vendre,250.0,2.0,6.0,285000.0
Ben Arous,Ben_Arous,Maison,À Vendre,97.0,1.0,2.0,198602.5300394513
La Manouba,La_Manouba,Maison,À Vendre,230.0,2.0,6.0,440000.0
Bizerte,Bizerte,Maison,À Vendre,111.0,1.0,4.0,390000.0
La Manouba,La_Manouba,Maison,À Vendre,104.0,1.0,2.0,100000.0
Sousse,Sousse,Maison,À Vendre,69.0,2.0,3.0,150000.0
Kairouan,Kairouan,Maison,À Vendre,200.0,1.0,2.0,75000.0
Nabeul,Nabeul,villa,À Vendre,1000.0,5.0,6.0,831014.1453905986
Mahdia,Mahdia,Maison,À Vendre,1.0,1.0,3.0,150000.0
Tunis,Tunis,villa,À Vendre,627.0,3.0,7.0,950000.0
Ariana,Ariana,Maison,À Vendre,507.0,3.0,5.0,599997.0
Ben Arous,Ben_Arous,Maison,À Vendre,269.0,2.0,5.0,312194.68979054975
Nabeul,Nabeul,Maison,À Vendre,100.0,1.0,2.0,346936.62322397804
Nabeul,Nabeul,villa,À Vendre,400.0,2.0,4.0,755312.4456552372
La Manouba,La_Manouba,Maison,À Vendre,110.0,1.0,3.0,180000.0
Nabeul,Nabeul,villa,À Vendre,402.0,3.0,5.0,550000.0
Mahdia,Mahdia,villa,À Vendre,402.0,2.0,3.0,601415.4645655465
La Manouba,La_Manouba,Maison,À Vendre,189.0,2.0,3.0,192952.3355997093
Nabeul,Nabeul,villa,À Vendre,319.0,3.0,3.0,717408.7093349001
Ariana,Ariana,villa,À Vendre,238.0,3.0,4.0,696672.3535571464
Tunis,Tunis,villa,À Vendre,600.0,2.0,3.0,850000.0
Nabeul,Nabeul,villa,À Vendre,300.0,3.0,4.0,950000.0
Ariana,Ariana,villa,À Vendre,235.0,1.0,4.0,270000.0
Sousse,Sousse,Appartement,À Vendre,114.0,1.0,3.0,160000.0
Sousse,Sousse,Maison,À Vendre,359.0,2.0,4.0,330000.0
Ariana,Ariana,Maison,À Vendre,189.0,1.0,3.0,140000.0
Tunis,Tunis,villa,À Vendre,615.0,5.0,6.0,750059.117540977
Sfax,Sfax,Maison,À Vendre,170.0,1.0,3.0,232084.2043479989
Nabeul,Nabeul,villa,À Vendre,164.0,3.0,4.0,700000.0
Ben Arous,Ben_Arous,villa,À Vendre,325.0,2.0,4.0,450000.0
Mahdia,Mahdia,villa,À Vendre,400.0,2.0,3.0,601415.3011536545
Sousse,Sousse,villa,,402.0,2.0,5.0,749994.273218584
Ben Arous,Ben_Arous,villa,À Vendre,409.0,3.0,3.0,900000.0
Tunis,Tunis,villa,À Vendre,412.0,2.0,4.0,700000.0
La Manouba,La_Manouba,villa,À Vendre,300.0,2.0,4.0,499000.0
Ben Arous,Ben_Arous,villa,À Vendre,240.0,1.0,3.0,330000.0
Ben Arous,Ben_Arous,villa,À Vendre,429.0,3.0,6.0,650000.0
Ben Arous,Ben_Arous,villa,À Vendre,354.0,2.0,3.0,700000.0
Ben Arous,Ben_Arous,villa,À Vendre,200.0,1.0,3.0,569121.7623045042
Tunis,Tunis,villa,À Vendre,90.0,1.0,3.0,400000.0
Bizerte,Bizerte,villa,À Vendre,519.0,1.0,4.0,573649.4733744513
Sfax,Sfax,villa,À Vendre,1000.0,2.0,3.0,650000.0
Tunis,Tunis,Maison,À Vendre,85.0,2.0,4.0,341721.12678599975
Ben Arous,Ben_Arous,villa,À Vendre,354.0,1.0,4.0,700000.0
Tunis,Tunis,villa,À Louer,314.0,3.0,4.0,674353.5358615465
Ariana,Ariana,villa,À Vendre,450.0,2.0,5.0,850000.0
Tunis,Tunis,Maison,À Vendre,117.0,1.0,3.0,460000.0
Bizerte,Bizerte,Maison,À Vendre,1.0,1.0,4.0,240965.13925856215
Médenine,Mdenine,villa,À Vendre,450.0,4.0,3.0,501234.5285564693
Nabeul,Nabeul,villa,À Vendre,1000.0,3.0,6.0,831070.7694344702
Nabeul,Nabeul,Maison,sale,189.0,5.0,3.0,600000.0
Ben Arous,Ben_Arous,villa,À Vendre,300.0,2.0,3.0,350000.0
Bizerte,Bizerte,Maison,À Vendre,95.0,1.0,3.0,125000.0
Ariana,Ariana,Maison,À Vendre,100.0,3.0,7.0,477625.4860510685
Tunis,Tunis,villa,À Vendre,100.0,2.0,4.0,674364.3628110292
Ben Arous,Ben_Arous,villa,À Vendre,372.0,1.0,4.0,607004.6218439953
Ben Arous,Ben_Arous,Maison,À Vendre,102.0,1.0,6.0,199000.0
Tunis,Tunis,villa,À Vendre,204.0,2.0,3.0,300000.0
Ben Arous,Ben_Arous,villa,À Vendre,200.0,3.0,8.0,255000.0
Sousse,Sousse,villa,À Vendre,300.0,3.0,8.0,863564.0455404667
Sfax,Sfax,villa,À Vendre,770.0,1.0,5.0,640512.8505850069
Nabeul,Nabeul,Maison,À Vendre,186.0,1.0,3.0,384812.45605210937
Sousse,Sousse,villa,À Vendre,400.0,2.0,4.0,900000.0
Ben Arous,Ben_Arous,Maison,À Vendre,128.0,2.0,3.0,236445.5570186144
Ariana,Ariana,villa,À Vendre,200.0,1.0,3.0,350000.0
La Manouba,La_Manouba,villa,À Vendre,400.0,3.0,4.0,680000.0
Tunis,Tunis,villa,À Vendre,500.0,2.0,5.0,712265.851306218
Ben Arous,Ben_Arous,villa,À Vendre,278.0,1.0,3.0,500000.0
Gafsa,Gafsa,Maison,À Vendre,150.0,2.0,5.0,95197.76918778478
Ariana,Ariana,Maison,À Vendre,150.0,1.0,3.0,340000.0
Médenine,Mdenine,villa,À Vendre,456.0,2.0,4.0,539160.448952789
Ben Arous,Ben_Arous,villa,À Vendre,402.0,2.0,3.0,569109.954883669
Ben Arous,Ben_Arous,villa,À Vendre,412.0,1.0,4.0,460000.0
Tunis,Tunis,Maison,À Vendre,405.0,1.0,4.0,341775.5847106693
La Manouba,La_Manouba,villa,À Vendre,220.0,1.0,3.0,525625.1909418114
Ariana,Ariana,villa,À Vendre,500.0,4.0,6.0,450000.0
Bizerte,Bizerte,Maison,À Vendre,215.0,1.0,4.0,219999.0
Sousse,Sousse,Maison,À Vendre,300.0,3.0,9.0,568790.8412213994
Tunis,Tunis,villa,À Vendre,255.0,2.0,4.0,210000.0
Tunis,Tunis,villa,À Vendre,603.0,2.0,5.0,712274.2670186604
Sousse,Sousse,Maison,À Vendre,330.0,1.0,3.0,215000.0
La Manouba,La_Manouba,villa,À Vendre,402.0,3.0,2.0,487714.6312633478
Tunis,Tunis,Maison,À Vendre,304.0,1.0,4.0,341767.332410119
Tunis,Tunis,Maison,À Vendre,133.0,1.0,4.0,200000.0
Sousse,Sousse,villa,À Vendre,140.0,2.0,3.0,674235.2540271776
Nabeul,Nabeul,Maison,À Vendre,130.0,1.0,3.0,384807.88051913097
La Manouba,La_Manouba,Maison,À Vendre,300.0,2.0,3.0,192961.40495972004
Nabeul,Nabeul,villa,À Vendre,385.0,4.0,5.0,793123.4021389463
Sfax,Sfax,villa,À Vendre,758.0,3.0,5.0,570000.0
Ben Arous,Ben_Arous,villa,À Vendre,530.0,2.0,6.0,682726.8315950774
Ariana,Ariana,villa,À Vendre,320.0,5.0,6.0,1100000.0
Ben Arous,Ben_Arous,Maison,À Vendre,260.0,1.0,3.0,485000.0
Tunis,Tunis,Maison,À Vendre,90.0,1.0,3.0,303881.0412208942
Nabeul,Nabeul,Maison,À Vendre,290.0,4.0,5.0,460473.6296382334
Kairouan,Kairouan,Maison,À Vendre,250.0,2.0,4.0,360000.0
Siliana,Siliana,Maison,,189.0,1.0,3.0,326214.1574570516
Tunis,Tunis,villa,À Vendre,536.0,5.0,9.0,680000.0
Sfax,Sfax,Maison,À Vendre,425.0,2.0,6.0,310000.0
Ariana,Ariana,villa,À Vendre,220.0,2.0,5.0,280000.0
Sfax,Sfax,Maison,À Vendre,600.0,1.0,5.0,307856.9501383406
Ben Arous,Ben_Arous,Maison,À Vendre,203.0,3.0,3.0,236423.3729426317
Ben Arous,Ben_Arous,Maison,À Vendre,640.0,2.0,6.0,350093.80881330324
Ben Arous,Ben_Arous,Maison,À Vendre,97.0,1.0,2.0,125000.0
Sousse,Sousse,Maison,À Vendre,200.0,1.0,3.0,200000.0
Bizerte,Bizerte,Appartement,À Vendre,147.0,1.0,3.0,207812.76326608905
Nabeul,Nabeul,villa,À Vendre,202.0,2.0,5.0,400000.0
Gabès,Gabs,villa,À Vendre,390.0,2.0,3.0,300000.0
Gabès,Gabs,villa,À Vendre,520.0,3.0,6.0,543104.3132014244
Ariana,Ariana,villa,À Vendre,300.0,4.0,6.0,772386.7195374086
Ariana,Ariana,villa,À Vendre,470.0,2.0,5.0,870000.0
Nabeul,Nabeul,villa,À Vendre,816.0,2.0,4.0,480000.0
Ariana,Ariana,Appartement,À Vendre,90.0,2.0,4.0,190000.0
Ben Arous,Ben_Arous,villa,À Vendre,600.0,3.0,4.0,850000.0
Nabeul,Nabeul,Maison,À Vendre,140.0,1.0,3.0,200000.0
La Manouba,La_Manouba,villa,À Vendre,260.0,3.0,3.0,950000.0
Tunis,Tunis,villa,À Vendre,470.0,3.0,5.0,1250000.0
Sousse,Sousse,villa,À Vendre,450.0,2.0,4.0,750000.0
Tunis,Tunis,villa,À Vendre,1059.0,1.0,4.0,674471.0308352201
Tunis,Tunis,Maison,À Vendre,115.0,2.0,4.0,275000.0
Bizerte,Bizerte,Maison,À Vendre,189.0,1.0,3.0,203111.69385964665
Gafsa,Gafsa,villa,À Vendre,350.0,2.0,6.0,465724.9269296039
Ariana,Ariana,villa,À Vendre,480.0,2.0,7.0,460000.0
Jendouba,Jendouba,villa,À Vendre,402.0,1.0,3.0,499542.1386859007
Gafsa,Gafsa,villa,À Vendre,220.0,2.0,4.0,280000.0
Bizerte,Bizerte,villa,À Vendre,202.0,4.0,6.0,520000.0
Nabeul,Nabeul,villa,À Vendre,650.0,3.0,3.0,717435.7540030403
La Manouba,La_Manouba,villa,À Vendre,690.0,3.0,7.0,520000.0
La Manouba,La_Manouba,villa,À Vendre,1250.0,3.0,3.0,950000.0
Nabeul,Nabeul,villa,À Vendre,345.0,3.0,4.0,780000.0
Nabeul,Nabeul,villa,À Vendre,505.0,2.0,5.0,1049998.0
Tunis,Tunis,villa,À Vendre,461.0,3.0,10.0,901578.3833362446
Ben Arous,Ben_Arous,villa,À Vendre,195.0,1.0,5.0,380000.0
Sidi Bouzid,Sidi_Bouzid,Maison,À Vendre,400.0,2.0,3.0,193653.6650271727
Tunis,Tunis,Maison,À Vendre,170.0,1.0,4.0,341756.38381334924
Ariana,Ariana,villa,À Vendre,481.0,2.0,4.0,1190000.0
Tunis,Tunis,Maison,À Vendre,207.0,1.0,3.0,303890.6008165812
Béja,Bja,Maison,À Vendre,200.0,1.0,4.0,364083.8623392297
Nabeul,Nabeul,villa,À Vendre,750.0,2.0,4.0,755341.0427363522
Nabeul,Nabeul,villa,À Vendre,300.0,3.0,4.0,600000.0
Tunis,Tunis,Maison,À Vendre,108.0,1.0,2.0,50000.0
Ben Arous,Ben_Arous,Maison,À Vendre,100.0,2.0,5.0,312180.8814856685
Ariana,Ariana,villa,À Vendre,550.0,3.0,7.0,450000.0
La Manouba,La_Manouba,Maison,À Vendre,280.0,3.0,7.0,344406.68328594987
Ariana,Ariana,Maison,À Vendre,189.0,1.0,3.0,326214.1574570516
Médenine,Mdenine,villa,À Vendre,220.0,4.0,5.0,820000.0
Tunis,Tunis,villa,À Vendre,1000.0,3.0,7.0,788016.0044908468
Sfax,Sfax,villa,À Vendre,402.0,2.0,4.0,700000.0
Tunis,Tunis,villa,À Vendre,294.0,3.0,5.0,640000.0
Nabeul,Nabeul,Maison,À Vendre,189.0,1.0,8.0,574156.7317538057
Sfax,Sfax,villa,À Vendre,650.0,1.0,3.0,250000.0
Tunis,Tunis,villa,À Vendre,90.0,1.0,2.0,235000.0
Ben Arous,Ben_Arous,villa,À Vendre,270.0,2.0,6.0,550000.0
Tunis,Tunis,Maison,À Vendre,128.0,3.0,7.0,399999.0
La Manouba,La_Manouba,villa,sale,402.0,3.0,3.0,525583.4373801195
Ben Arous,Ben_Arous,villa,À Vendre,103.0,1.0,2.0,239000.0
Ben Arous,Ben_Arous,villa,À Vendre,400.0,2.0,4.0,890000.0
Sousse,Sousse,villa,À Vendre,200.0,2.0,3.0,380000.0
Sousse,Sousse,Maison,,189.0,1.0,4.0,424000.0
Tunis,Tunis,villa,À Vendre,505.0,2.0,5.0,720000.0
Sousse,Sousse,Maison,À Vendre,70.0,2.0,3.0,180000.0
Tunis,Tunis,villa,À Vendre,450.0,2.0,4.0,700000.0
La Manouba,La_Manouba,Maison,À Vendre,432.0,2.0,3.0,192972.1901445977
Ariana,Ariana,villa,À Vendre,206.0,3.0,4.0,696669.738966873
Ben Arous,Ben_Arous,Maison,À Vendre,122.0,1.0,3.0,170000.0
Tunis,Tunis,Maison,À Vendre,143.0,1.0,3.0,303885.37163603446
Ben Arous,Ben_Arous,villa,À Vendre,705.0,3.0,5.0,975000.0
La Manouba,La_Manouba,Maison,À Vendre,110.0,2.0,3.0,192945.88082997192
Ariana,Ariana,Appartement,À Vendre,169.0,1.0,7.0,380000.0
Sfax,Sfax,villa,À Vendre,700.0,1.0,6.0,678375.9372855555
Ariana,Ariana,Maison,À Vendre,500.0,1.0,4.0,500000.0
Ariana,Ariana,villa,À Vendre,400.0,5.0,5.0,734497.7719933053
Tunis,Tunis,Maison,À Vendre,150.0,1.0,2.0,266017.1374608851
Tunis,Tunis,Maison,À Vendre,145.0,1.0,3.0,250000.0
La Manouba,La_Manouba,Maison,À Vendre,189.0,2.0,6.0,306558.7539500242
Ben Arous,Ben_Arous,villa,À Vendre,410.0,1.0,3.0,569138.9205531732
Nabeul,Nabeul,villa,À Louer,1000.0,3.0,4.0,650000.0
Ben Arous,Ben_Arous,Maison,À Vendre,415.0,1.0,3.0,460000.0
Tunis,Tunis,villa,À Vendre,387.0,2.0,6.0,250000.0
Ben Arous,Ben_Arous,villa,À Vendre,387.0,2.0,5.0,480000.0
Ben Arous,Ben_Arous,villa,À Vendre,618.0,2.0,5.0,580000.0
Ariana,Ariana,Maison,À Vendre,250.0,3.0,4.0,295000.0
Ben Arous,Ben_Arous,villa,À Vendre,315.0,1.0,4.0,550000.0
Tunis,Tunis,villa,À Vendre,402.0,2.0,6.0,950000.0
Sousse,Sousse,Maison,À Vendre,110.0,1.0,3.0,245000.0
Sousse,Sousse,villa,À Vendre,350.0,2.0,3.0,179998.0
Ben Arous,Ben_Arous,Appartement,À Vendre,76.0,1.0,2.0,89000.0
Tunis,Tunis,villa,À Vendre,300.0,3.0,6.0,950000.0
Tunis,Tunis,villa,À Vendre,402.0,2.0,3.0,650000.0
Ariana,Ariana,villa,À Vendre,958.0,3.0,4.0,696731.1818382973
Ariana,Ariana,villa,À Vendre,530.0,4.0,6.0,772405.5119049982
Ariana,Ariana,Maison,À Vendre,1000.0,1.0,4.0,364149.2270960639
Ben Arous,Ben_Arous,Appartement,À Vendre,200.0,2.0,6.0,354762.3592532206
Tunis,Tunis,villa,À Vendre,316.0,4.0,6.0,750062.9994850459
Bizerte,Bizerte,Maison,À Vendre,189.0,1.0,2.0,165242.88774287497
Le Kef,Le_Kef,villa,À Vendre,580.0,2.0,3.0,370000.0
Sousse,Sousse,villa,À Louer,210.0,2.0,5.0,749978.5856769439
Mahdia,Mahdia,Maison,À Vendre,80.0,1.0,2.0,230906.6507202461
Nabeul,Nabeul,villa,À Vendre,380.0,5.0,5.0,1150000.0
Ben Arous,Ben_Arous,Maison,À Vendre,150.0,1.0,3.0,120000.0
Tunis,Tunis,villa,À Vendre,510.0,2.0,7.0,950000.0
Ben Arous,Ben_Arous,villa,À Vendre,510.0,4.0,6.0,850000.0
Tunis,Tunis,villa,À Vendre,90.0,1.0,4.0,674391.8577735047
Tunis,Tunis,Appartement,À Vendre,140.0,1.0,2.0,270720.82145760086
Nabeul,Nabeul,villa,À Vendre,500.0,3.0,4.0,550000.0
Le Kef,Le_Kef,villa,À Vendre,550.0,2.0,4.0,365000.0
Tunis,Tunis,Maison,À Vendre,115.0,2.0,6.0,417461.19019792427
Le Kef,Le_Kef,villa,À Vendre,200.0,1.0,3.0,150000.0
Ariana,Ariana,villa,À Vendre,750.0,1.0,7.0,810377.2293957071
Sfax,Sfax,Maison,À Vendre,189.0,1.0,2.0,194216.9506442021
Bizerte,Bizerte,Maison,À Vendre,130.0,1.0,6.0,316713.291559145
Sousse,Sousse,villa,À Vendre,380.0,2.0,3.0,674254.8634542278
Le Kef,Le_Kef,villa,À Vendre,750.0,2.0,4.0,700000.0
Tunis,Tunis,villa,À Vendre,388.0,1.0,3.0,636547.4000286539
Sfax,Sfax,villa,À Vendre,400.0,3.0,3.0,360000.0
Tunis,Tunis,villa,À Vendre,410.0,3.0,3.0,636662.4456472103
Sfax,Sfax,Maison,À Vendre,406.0,1.0,3.0,180000.0
Tunis,Tunis,Maison,À Vendre,105.0,1.0,4.0,160000.0
Ben Arous,Ben_Arous,Maison,À Vendre,1.0,2.0,6.0,350041.59871378186
Ariana,Ariana,villa,À Vendre,440.0,2.0,4.0,1250000.0
Tunis,Tunis,villa,À Vendre,160.0,2.0,3.0,480000.0
Nabeul,Nabeul,villa,À Vendre,640.0,2.0,7.0,868938.4734326024
Ariana,Ariana,villa,À Vendre,220.0,5.0,8.0,900000.0
Ben Arous,Ben_Arous,Maison,sale,189.0,2.0,3.0,210000.0
Ariana,Ariana,villa,À Vendre,480.0,2.0,4.0,680000.0
Ben Arous,Ben_Arous,villa,À Vendre,350.0,1.0,3.0,480000.0
Tunis,Tunis,villa,À Vendre,300.0,2.0,4.0,500000.0
Nabeul,Nabeul,villa,À Vendre,269.0,1.0,2.0,679592.4419646981
Jendouba,Jendouba,villa,À Vendre,120.0,1.0,3.0,98000.0
Ariana,Ariana,villa,À Vendre,230.0,4.0,4.0,355000.0
Tunis,Tunis,villa,À Vendre,422.0,2.0,7.0,787997.09047597
Nabeul,Nabeul,Maison,À Vendre,250.0,1.0,3.0,384817.6852326561
Sousse,Sousse,villa,À Vendre,150.0,2.0,5.0,749973.6833201812
Ariana,Ariana,villa,À Vendre,542.0,4.0,4.0,696668.8801428075
Médenine,Mdenine,villa,À Vendre,375.0,2.0,5.0,577022.6368879313
Ben Arous,Ben_Arous,Maison,À Vendre,146.0,2.0,5.0,330000.0
La Manouba,La_Manouba,villa,À Vendre,402.0,3.0,4.0,563452.2434968911
Sfax,Sfax,Maison,À Vendre,670.0,4.0,4.0,269908.92737198423
Sousse,Sousse,Maison,À Vendre,300.0,1.0,3.0,341634.6285646414
Nabeul,Nabeul,Maison,À Vendre,170.0,1.0,3.0,384811.14875697263
Bizerte,Bizerte,villa,À Vendre,550.0,3.0,5.0,611464.1883316785
Tunis,Tunis,villa,À Vendre,580.0,4.0,8.0,880000.0
Monastir,Monastir,Maison,À Vendre,155.0,3.0,9.0,305775.4648033277
Ben Arous,Ben_Arous,Maison,À Vendre,341.0,1.0,2.0,198622.46629028572
Tozeur,Tozeur,Maison,À Vendre,800.0,2.0,4.0,800000.0
Ariana,Ariana,villa,À Vendre,190.0,2.0,3.0,590000.0
Nabeul,Nabeul,Maison,À Vendre,72.0,1.0,1.0,100000.0
Tunis,Tunis,villa,À Vendre,278.0,1.0,3.0,1100000.0
Ariana,Ariana,villa,À Vendre,500.0,3.0,4.0,696693.7605150096
Ariana,Ariana,Maison,,189.0,1.0,3.0,326214.1574570516
Ben Arous,Ben_Arous,Appartement,À Louer,110.0,1.0,2.0,203308.09327292608
Ben Arous,Ben_Arous,villa,À Vendre,381.0,1.0,1.0,493398.9388471947
Ben Arous,Ben_Arous,villa,,402.0,2.0,3.0,569109.954883669
Ben Arous,Ben_Arous,villa,À Vendre,213.0,1.0,3.0,569122.8244818028
Ariana,Ariana,villa,À Vendre,646.0,2.0,5.0,734602.8077218395
Nabeul,Nabeul,villa,À Vendre,500.0,2.0,4.0,755320.6162498414
Bizerte,Bizerte,Maison,À Vendre,333.0,1.0,4.0,240992.26563264843
Sousse,Sousse,Maison,À Vendre,189.0,1.0,4.0,379494.3653214023
Ariana,Ariana,Maison,À Vendre,214.0,1.0,1.0,165000.0
Ben Arous,Ben_Arous,villa,À Vendre,270.0,4.0,6.0,682648.9640052344
Ben Arous,Ben_Arous,villa,À Vendre,204.0,3.0,6.0,350000.0
Ben Arous,Ben_Arous,villa,À Vendre,326.0,2.0,5.0,644841.357465313
Kairouan,Kairouan,villa,À Vendre,392.0,3.0,3.0,620000.0
Nabeul,Nabeul,villa,À Vendre,300.0,3.0,4.0,755275.9630386969
Tunis,Tunis,Maison,À Vendre,246.0,2.0,6.0,417471.89367685583
Kairouan,Kairouan,Maison,À Vendre,222.0,1.0,4.0,249710.68442002288
Nabeul,Nabeul,Maison,À Vendre,500.0,4.0,4.0,422621.9817701308
Sousse,Sousse,villa,À Vendre,265.0,5.0,6.0,920000.0
Nabeul,Nabeul,Maison,À Vendre,300.0,4.0,3.0,384736.83446415054
Ben Arous,Ben_Arous,Maison,À Vendre,400.0,2.0,3.0,600000.0
Tunis,Tunis,villa,À Vendre,110.0,1.0,2.0,130000.0
Tunis,Tunis,Maison,À Vendre,126.0,1.0,1.0,250000.0
Nabeul,Nabeul,villa,À Vendre,275.0,4.0,2.0,820000.0
Nabeul,Nabeul,Maison,À Vendre,300.0,2.0,3.0,384793.4585080224
Ben Arous,Ben_Arous,villa,À Vendre,248.0,2.0,5.0,644834.9844015217
Nabeul,Nabeul,villa,À Vendre,250.0,2.0,3.0,750000.0
Ariana,Ariana,villa,À Vendre,436.0,1.0,3.0,350000.0
Tunis,Tunis,villa,À Vendre,412.0,3.0,4.0,674361.5430442587
La Manouba,La_Manouba,villa,À Vendre,200.0,1.0,3.0,175000.0
Nabeul,Nabeul,Maison,À Vendre,177.0,2.0,5.0,460521.0209102024
Nabeul,Nabeul,villa,À Vendre,300.0,1.0,4.0,755332.5870825688
Tunis,Tunis,villa,À Vendre,340.0,1.0,1.0,560805.8659097005
Sousse,Sousse,villa,À Vendre,380.0,2.0,6.0,850000.0
Tunis,Tunis,villa,À Vendre,475.0,2.0,4.0,700000.0
Nabeul,Nabeul,villa,À Vendre,306.0,4.0,3.0,717379.3351356657
Nabeul,Nabeul,Maison,À Vendre,100.0,2.0,2.0,346908.3112020421
Nabeul,Nabeul,villa,À Vendre,900.0,4.0,6.0,831034.2868179302
Gabès,Gabs,Maison,À Louer,120.0,1.0,3.0,96879.82608072524
Sousse,Sousse,Maison,,189.0,1.0,3.0,341625.55920463067
Jendouba,Jendouba,villa,À Vendre,402.0,1.0,3.0,960000.0
Ariana,Ariana,villa,À Vendre,400.0,2.0,4.0,860000.0
Nabeul,Nabeul,Maison,À Vendre,350.0,2.0,4.0,422666.3499220961
Monastir,Monastir,Appartement,À Vendre,160.0,2.0,3.0,280000.0
Tunis,Tunis,villa,À Vendre,228.0,3.0,4.0,600000.0
Tunis,Tunis,Appartement,À Vendre,430.0,3.0,5.0,880000.0
Ariana,Ariana,villa,À Vendre,480.0,2.0,4.0,696720.4384180247
Tunis,Tunis,villa,À Vendre,650.0,2.0,5.0,850000.0
Sfax,Sfax,villa,À Vendre,402.0,2.0,3.0,360000.0
La Manouba,La_Manouba,villa,À Vendre,499.0,1.0,4.0,563516.793017529
Ariana,Ariana,Maison,À Vendre,150.0,1.0,4.0,364079.7770419276
Ben Arous,Ben_Arous,villa,À Vendre,600.0,2.0,4.0,950000.0
Gabès,Gabs,Maison,À Vendre,116.0,1.0,2.0,59010.69314016943
Ariana,Ariana,Maison,À Vendre,103.0,1.0,3.0,195000.0
Sousse,Sousse,villa,À Vendre,237.0,1.0,2.0,636402.685409108
Ariana,Ariana,villa,À Vendre,402.0,2.0,3.0,658845.2592374617
Sfax,Sfax,villa,À Vendre,400.0,2.0,4.0,530000.0
Ariana,Ariana,Maison,,189.0,1.0,4.0,364082.9635738232
Tunis,Tunis,villa,À Vendre,235.0,3.0,4.0,900000.0
Sousse,Sousse,Maison,À Vendre,492.0,3.0,3.0,900000.0
Ariana,Ariana,villa,À Vendre,750.0,4.0,5.0,1100000.0
Ben Arous,Ben_Arous,villa,À Vendre,550.0,3.0,6.0,1200000.0
Médenine,Mdenine,Maison,À Vendre,600.0,5.0,10.0,433658.1048080024
Médenine,Mdenine,villa,À Vendre,395.0,2.0,3.0,501286.6587733087
Médenine,Mdenine,villa,À Vendre,422.0,1.0,3.0,501317.1768557878
La Manouba,La_Manouba,villa,À Vendre,400.0,3.0,5.0,601320.8862017706
Sousse,Sousse,villa,À Vendre,387.0,2.0,4.0,650000.0
Le Kef,Le_Kef,Maison,À Vendre,235.0,2.0,3.0,35950.93069524219
Ben Arous,Ben_Arous,Appartement,À Vendre,90.0,1.0,2.0,203306.4591540052
Nabeul,Nabeul,Maison,À Vendre,148.0,1.0,3.0,384809.3512261597
Le Kef,Le_Kef,Maison,À Vendre,264.0,1.0,4.0,155000.0
Ariana,Ariana,villa,À Vendre,240.0,1.0,3.0,658860.3348961386
Monastir,Monastir,villa,À Vendre,1020.0,5.0,8.0,123456.0
Tunis,Tunis,Maison,À Vendre,165.0,1.0,3.0,303887.16916684736
Nabeul,Nabeul,villa,À Vendre,402.0,3.0,3.0,717415.4909284217
Tunis,Tunis,villa,À Vendre,760.0,4.0,4.0,674361.6646915458
Sfax,Sfax,villa,À Vendre,820.0,1.0,4.0,549999.0
Tunis,Tunis,Maison,À Vendre,100.0,3.0,10.0,568906.8770538843
Bizerte,Bizerte,villa,À Vendre,243.0,2.0,2.0,350000.0
Sousse,Sousse,villa,À Vendre,252.0,2.0,3.0,674244.4050931344
Sousse,Sousse,villa,À Vendre,580.0,1.0,2.0,850000.0
Monastir,Monastir,villa,À Vendre,750.0,2.0,5.0,487019.1778319114
Sousse,Sousse,villa,À Vendre,525.0,2.0,4.0,712135.5169331756
Sousse,Sousse,villa,À Vendre,483.0,4.0,3.0,674206.6551227984
Sousse,Sousse,villa,À Vendre,777.0,2.0,4.0,712156.1068315784
La Manouba,La_Manouba,villa,À Vendre,542.0,2.0,4.0,563491.9943512729
Ben Arous,Ben_Arous,villa,À Vendre,350.0,2.0,4.0,606974.5122912463
Ben Arous,Ben_Arous,Maison,À Vendre,110.0,1.0,2.0,198603.59221674988
Ariana,Ariana,Maison,À Vendre,542.0,1.0,3.0,326242.9996560047
Nabeul,Nabeul,villa,À Vendre,170.0,1.0,3.0,180000.0
Gabès,Gabs,Maison,À Vendre,506.0,1.0,3.0,250000.0
La Manouba,La_Manouba,villa,À Vendre,500.0,3.0,4.0,563460.2506796033
Tunis,Tunis,villa,À Vendre,454.0,2.0,4.0,1080000.0
Nabeul,Nabeul,villa,À Louer,600.0,3.0,2.0,750000.0
Ariana,Ariana,villa,À Vendre,740.0,1.0,3.0,658901.18786916
Ariana,Ariana,villa,À Vendre,500.0,3.0,5.0,1250000.0
Tunis,Tunis,villa,À Vendre,114.0,1.0,2.0,325000.0
Ariana,Ariana,Maison,,189.0,1.0,3.0,299999.0
Ben Arous,Ben_Arous,villa,À Vendre,340.0,2.0,3.0,569104.8891150143
Ben Arous,Ben_Arous,Maison,À Vendre,171.0,1.0,3.0,220000.0
La Manouba,La_Manouba,Maison,,189.0,2.0,4.0,230821.14171648087
Nabeul,Nabeul,villa,À Vendre,134.0,3.0,3.0,150000.0
Sousse,Sousse,villa,À Vendre,385.0,3.0,6.0,900000.0
Kairouan,Kairouan,Maison,À Vendre,214.0,1.0,3.0,350000.0
Sousse,Sousse,Maison,,189.0,2.0,4.0,650000.0
Sfax,Sfax,Maison,À Louer,90.0,2.0,4.0,269918.1619671512
Ben Arous,Ben_Arous,Maison,À Vendre,100.0,1.0,2.0,165000.0
Tunis,Tunis,villa,À Vendre,299.0,2.0,5.0,520000.0
Zaghouan,Zaghouan,villa,À Vendre,150.0,1.0,3.0,220000.0
Ariana,Ariana,villa,À Vendre,500.0,5.0,4.0,1150000.0
Tunis,Tunis,villa,À Vendre,142.0,2.0,3.0,636498.9883439913
Sousse,Sousse,villa,À Vendre,378.0,2.0,5.0,749992.3122758791
Sfax,Sfax,Maison,À Vendre,1347.0,1.0,3.0,232180.3722464913
La Manouba,La_Manouba,villa,À Vendre,134.0,1.0,5.0,160000.0
Ben Arous,Ben_Arous,villa,À Vendre,700.0,3.0,5.0,644843.6034671972
La Manouba,La_Manouba,villa,À Vendre,500.0,2.0,3.0,520000.0
Sousse,Sousse,villa,À Vendre,500.0,3.0,4.0,712105.1622625887
Ben Arous,Ben_Arous,villa,sale,402.0,2.0,3.0,680000.0
Nabeul,Nabeul,Maison,À Vendre,189.0,2.0,3.0,260000.0
Médenine,Mdenine,villa,À Vendre,253.0,2.0,4.0,240000.0
Ariana,Ariana,Maison,À Vendre,100.0,2.0,3.0,326178.57360591786
La Manouba,La_Manouba,villa,À Vendre,1000.0,2.0,4.0,580000.0
Tunis,Tunis,Maison,À Vendre,110.0,1.0,2.0,266013.8692230434
Sousse,Sousse,Maison,À Vendre,155.0,1.0,3.0,350000.0
Sousse,Sousse,Maison,À Vendre,184.0,1.0,3.0,341625.15067490045
Tunis,Tunis,villa,À Vendre,563.0,2.0,4.0,1250000.0
Tunis,Tunis,villa,À Vendre,622.0,4.0,8.0,825825.6137380784
Sousse,Sousse,Maison,À Vendre,106.0,1.0,3.0,298000.0
Ariana,Ariana,villa,À Vendre,133.0,2.0,3.0,658823.2803379762
Ariana,Ariana,villa,À Vendre,750.0,1.0,4.0,1250000.0
Ben Arous,Ben_Arous,villa,À Vendre,210.0,2.0,3.0,400000.0
Ariana,Ariana,Maison,À Vendre,250.0,1.0,2.0,285000.0
Tunis,Tunis,villa,À Vendre,425.0,3.0,6.0,750100.2174551005
Tunis,Tunis,villa,À Vendre,205.0,2.0,3.0,600000.0
La Manouba,La_Manouba,villa,À Vendre,150.0,1.0,4.0,300000.0
Mahdia,Mahdia,villa,À Vendre,246.0,2.0,6.0,550000.0
Médenine,Mdenine,Maison,À Vendre,300.0,1.0,2.0,130796.39217776002
Nabeul,Nabeul,villa,À Vendre,402.0,3.0,3.0,750000.0
Sousse,Sousse,villa,À Vendre,500.0,1.0,3.0,674292.9801896889
Ariana,Ariana,villa,À Vendre,370.0,2.0,3.0,658842.6446471883
Nabeul,Nabeul,villa,À Vendre,280.0,2.0,5.0,793171.4470584837
Nabeul,Nabeul,villa,À Vendre,850.0,1.0,3.0,900000.0
Ben Arous,Ben_Arous,villa,À Vendre,566.0,2.0,3.0,569123.35465882
Ariana,Ariana,Maison,À Vendre,520.0,1.0,4.0,1111111.0
Sfax,Sfax,Appartement,À Louer,160.0,1.0,2.0,800000.0
Jendouba,Jendouba,Maison,À Vendre,92.0,1.0,3.0,88000.0
Sousse,Sousse,Maison,À Vendre,200.0,2.0,7.0,430000.0
La Manouba,La_Manouba,Maison,À Vendre,103.0,2.0,6.0,200000.0
Tunis,Tunis,Maison,À Vendre,189.0,3.0,3.0,200000.0
Nabeul,Nabeul,villa,À Vendre,200.0,5.0,4.0,590000.0
Sousse,Sousse,Maison,À Vendre,150.0,1.0,2.0,130000.0
Sidi Bouzid,Sidi_Bouzid,Maison,À Vendre,300.0,1.0,3.0,120000.0
La Manouba,La_Manouba,villa,À Vendre,252.0,2.0,3.0,285000.0
Nabeul,Nabeul,villa,À Vendre,405.0,2.0,5.0,850000.0
Nabeul,Nabeul,villa,À Vendre,500.0,3.0,4.0,1200000.0
Sousse,Sousse,Maison,À Vendre,246.0,1.0,3.0,172000.0
Ben Arous,Ben_Arous,Maison,À Vendre,140.0,1.0,2.0,280000.0
Ben Arous,Ben_Arous,Maison,À Vendre,580.0,1.0,3.0,236510.80012816165
Sousse,Sousse,villa,À Vendre,492.0,2.0,4.0,850000.0
Sousse,Sousse,villa,À Vendre,250.0,2.0,4.0,980000.0
Ariana,Ariana,villa,À Vendre,834.0,4.0,6.0,772430.3505125954
Tunis,Tunis,villa,À Vendre,402.0,2.0,3.0,636520.2318899625
Nabeul,Nabeul,Maison,À Vendre,500.0,1.0,4.0,422706.9178359384
Ben Arous,Ben_Arous,villa,À Vendre,402.0,2.0,3.0,580000.0
Ben Arous,Ben_Arous,villa,À Vendre,200.0,2.0,3.0,750000.0
Nabeul,Nabeul,villa,À Vendre,240.0,3.0,4.0,630000.0
Nabeul,Nabeul,villa,À Vendre,218.0,2.0,4.0,460000.0
Nabeul,Nabeul,Maison,À Vendre,143.0,2.0,3.0,160000.0
Tunis,Tunis,villa,À Vendre,470.0,2.0,8.0,520000.0
Gafsa,Gafsa,villa,À Vendre,444.0,1.0,4.0,500000.0
Ariana,Ariana,villa,À Vendre,400.0,1.0,5.0,734611.0200810488
Tunis,Tunis,Maison,À Vendre,400.0,1.0,2.0,800000.0
Ariana,Ariana,Maison,À Vendre,400.0,1.0,5.0,401969.0096452099
La Manouba,La_Manouba,Maison,À Vendre,140.0,2.0,3.0,210000.0
Sousse,Sousse,Maison,À Vendre,180.0,1.0,3.0,230000.0
Sousse,Sousse,Maison,À Vendre,150.0,2.0,4.0,150000.0
Sousse,Sousse,Appartement,À Vendre,120.0,2.0,3.0,500000.0
Tunis,Tunis,villa,À Vendre,450.0,2.0,6.0,750000.0
Sousse,Sousse,Maison,À Vendre,155.0,2.0,2.0,225000.0
Sousse,Sousse,villa,À Vendre,446.0,2.0,2.0,560000.0
Sousse,Sousse,villa,À Vendre,210.0,1.0,1.0,598531.6732317931
Tunis,Tunis,villa,À Vendre,540.0,4.0,8.0,825818.9138505028
Sousse,Sousse,Appartement,À Vendre,400.0,1.0,3.0,300000.0
Ben Arous,Ben_Arous,villa,À Vendre,500.0,3.0,5.0,750000.0
Ariana,Ariana,Maison,À Vendre,189.0,1.0,4.0,600000.0
Nabeul,Nabeul,Maison,À Vendre,300.0,2.0,4.0,422662.264624794
Sfax,Sfax,villa,À Vendre,220.0,2.0,5.0,640439.6002927474
Nabeul,Nabeul,Maison,À Vendre,189.0,1.0,3.0,330000.0
Bizerte,Bizerte,Maison,À Vendre,120.0,2.0,4.0,250000.0
Nabeul,Nabeul,villa,,402.0,3.0,3.0,850000.0
Nabeul,Nabeul,villa,À Vendre,460.0,3.0,4.0,755289.0359900638
Ben Arous,Ben_Arous,Maison,À Vendre,90.0,1.0,2.0,90000.0
Sousse,Sousse,Appartement,À Vendre,360.0,3.0,5.0,520000.0
Sousse,Sousse,Maison,À Vendre,120.0,1.0,3.0,87000.0
Tunis,Tunis,villa,À Vendre,255.0,4.0,6.0,250000.0
Bizerte,Bizerte,villa,À Vendre,162.0,2.0,4.0,330000.0
Nabeul,Nabeul,villa,À Vendre,324.0,2.0,3.0,1050000.0
Tunis,Tunis,villa,À Vendre,415.0,2.0,3.0,590000.0
Ben Arous,Ben_Arous,villa,À Vendre,494.0,2.0,4.0,606986.2779474766
Nabeul,Nabeul,Maison,À Vendre,143.0,2.0,3.0,384780.6306744936
Ben Arous,Ben_Arous,villa,À Vendre,500.0,2.0,6.0,800000.0
Tunis,Tunis,villa,À Vendre,900.0,2.0,4.0,674429.7275678634
Ariana,Ariana,villa,À Vendre,9.268,2.0,9.0,886026.0073984903
Ben Arous,Ben_Arous,Maison,À Vendre,100.0,1.0,1.0,160733.9690405178
La Manouba,La_Manouba,Maison,À Vendre,189.0,1.0,3.0,330000.0
La Manouba,La_Manouba,villa,À Vendre,340.0,5.0,8.0,714865.7781514511
Sfax,Sfax,villa,À Vendre,800.0,2.0,7.0,716224.6019749953
Médenine,Mdenine,villa,À Vendre,200.0,4.0,3.0,501214.1020699586
Médenine,Mdenine,villa,À Vendre,270.0,2.0,4.0,539145.2516468251
Sfax,Sfax,Maison,À Vendre,189.0,1.0,3.0,100000.0
Médenine,Mdenine,Maison,À Vendre,189.0,2.0,3.0,168627.816912585
Sousse,Sousse,villa,À Vendre,425.0,2.0,3.0,800000.0
Ben Arous,Ben_Arous,villa,À Vendre,273.0,2.0,3.0,580000.0
Sousse,Sousse,Maison,À Vendre,360.0,1.0,2.0,330000.0
Zaghouan,Zaghouan,villa,,402.0,1.0,3.0,508561.9108750232
Nabeul,Nabeul,villa,À Vendre,269.0,2.0,3.0,717432.9360595339
Nabeul,Nabeul,Appartement,À Vendre,95.0,1.0,2.0,245000.0
Nabeul,Nabeul,Maison,À Vendre,220.0,1.0,1.0,280000.0
Nabeul,Nabeul,Maison,À Vendre,189.0,1.0,3.0,260000.0
Sidi Bouzid,Sidi_Bouzid,villa,À Vendre,427.0,1.0,3.0,600000.0
Nabeul,Nabeul,villa,À Vendre,204.0,2.0,3.0,670000.0
Kairouan,Kairouan,Maison,À Vendre,280.0,1.0,3.0,211846.6172481217
La Manouba,La_Manouba,Maison,À Vendre,264.0,1.0,4.0,350000.0
Médenine,Mdenine,villa,À Vendre,350.0,2.0,3.0,501282.9820057369
Tunis,Tunis,villa,À Vendre,580.0,3.0,6.0,750112.8818767371
Sousse,Sousse,villa,À Vendre,250.0,2.0,3.0,320000.0
Sousse,Sousse,villa,À Vendre,350.0,5.0,8.0,950000.0
Sousse,Sousse,villa,À Louer,500.0,1.0,1.0,1100000.0
Nabeul,Nabeul,villa,À Vendre,350.0,3.0,6.0,600000.0
Ben Arous,Ben_Arous,Maison,À Vendre,420.0,2.0,4.0,274338.2212716305
Nabeul,Nabeul,villa,À Vendre,496.0,4.0,6.0,831001.2776157288
Nabeul,Nabeul,villa,À Vendre,345.0,3.0,2.0,679542.0275727257
Nabeul,Nabeul,Maison,À Vendre,150.0,2.0,2.0,346912.39649934426
Ariana,Ariana,Appartement,À Vendre,90.0,1.0,2.0,120000.0
Nabeul,Nabeul,Appartement,À Vendre,100.0,1.0,2.0,240000.0
Nabeul,Nabeul,villa,À Vendre,345.0,3.0,4.0,845000.0
Tunis,Tunis,villa,À Vendre,440.0,3.0,8.0,900000.0
Ariana,Ariana,villa,À Vendre,370.0,4.0,5.0,734523.6328368599
Tunis,Tunis,villa,À Vendre,750.0,5.0,5.0,712201.341726921
Ariana,Ariana,villa,À Vendre,370.0,3.0,7.0,900000.0
Bizerte,Bizerte,villa,À Vendre,300.0,3.0,4.0,573574.9557283961
Monastir,Monastir,Maison,À Vendre,189.0,1.0,3.0,78622.03014873512
Ariana,Ariana,Appartement,À Vendre,120.0,1.0,4.0,368781.8269197225
Tunis,Tunis,Maison,À Vendre,189.0,1.0,3.0,280000.0
Sousse,Sousse,Maison,À Vendre,175.0,1.0,3.0,341624.41532138607
Nabeul,Nabeul,villa,À Vendre,200.0,1.0,2.0,320000.0
Nabeul,Nabeul,villa,À Vendre,278.0,3.0,5.0,793142.9716246556
Ben Arous,Ben_Arous,Maison,À Vendre,126.0,1.0,3.0,125000.0
Ben Arous,Ben_Arous,Maison,À Vendre,100.0,1.0,4.0,274340.3873908327
Ariana,Ariana,Maison,À Vendre,350.0,2.0,3.0,326199.0000924286
Nabeul,Nabeul,villa,À Vendre,605.0,5.0,5.0,690000.0
Ben Arous,Ben_Arous,villa,À Vendre,460.0,2.0,4.0,720000.0
Sfax,Sfax,villa,À Vendre,543.0,2.0,3.0,564728.3790797759
Ben Arous,Ben_Arous,Maison,À Vendre,485.0,2.0,3.0,280000.0
Ariana,Ariana,villa,À Vendre,270.0,4.0,6.0,570000.0
Ben Arous,Ben_Arous,Maison,À Vendre,370.0,2.0,4.0,379999.0
Ariana,Ariana,villa,À Vendre,640.0,5.0,4.0,696648.5753035839
Nabeul,Nabeul,villa,À Louer,267.0,2.0,2.0,630000.0
Sfax,Sfax,villa,À Vendre,850.0,2.0,4.0,350000.0
