RÃ©gion,Nature,Superficie,Nb_Salles De bain,Nb_Chambres,Prix,Date_De_Modification,Texte Annonce
Ariana,Ã€ Vendre,420,1,5,1111,N/A,"Sur deux niveaux sÃ©parÃ©s
S+5
S+2
2 garages"
Ariana,Ã€ Vendre,224,2,4,500,N/A,"Ã€ Vendre : Ã‰tage de Villa Haut Standing Ã  Ariena !

DÃ©couvrez un espace de vie d'exception avec entrÃ©e indÃ©pendante. Cet Ã©lÃ©gant S+4 comprend :
Superficie : 224 mÂ² (180 mÂ² couverts)
Cuisine spacieuse et entiÃ¨rement Ã©quipÃ©e
Salon lumineux
4 chambres Ã  coucher confortables
Salle de bain moderne
Jardin privÃ© pour profiter de l'extÃ©rieur
Garage sur la route principale, idÃ©al pour les affaires et un accÃ¨s facile.
Un cadre parfait pour une vie familiale Ã©panouie et des opportunitÃ©s professionnelles !

Pour plus d'informations, contactez-nous au :
 Afficher le numÃ©ro  | Afficher le numÃ©ro
#VenteVilla #HautStanding #Ariena #EDFIImmobiliere"
Tunis,Ã€ Vendre,70,1,4,80000,2024-12-15,"A vendre maison S+3 ( 2 Ã©tages ) Ã  Lacagna Elouardiya 

Pour plus des dÃ©tails : Afficher le numÃ©ro"
Ben Arous,Ã€ Vendre,120,3,5,0,2024-12-15,"Une OpportunitÃ© a ne pas rater,  soit pour habitation ou bien pour investissement tels que le valeur locatif est intÃ©ressant , une trÃ¨s belle maison de haut standing, totalement rÃ©novÃ©e situÃ©e A Mourouj 3 prÃ©s Terminus MÃ©tro dans un emplacement stratÃ©gique proche de toutes les commoditÃ©s (magasins ,  moyens de transports , marchÃ©â€¦) .
 La maison est composÃ©e de deux niveaux comme suit : 
â€¢	RDC : au RDC on trouve un grand salon , salle a manger , une chambre a coucher , une cuisine moderne meublÃ©e par des Ã©lÃ©ments de rangements , Ã©quipÃ©e de plaque et four ( avec marbre galaxie ) et un sÃ©choir Ã©quipÃ© dâ€™une petite salle dâ€™eau . 
â€¢	1er Ã©tage : lâ€™Ã©tage est composÃ© de 3 chambres a coucher, dont une donne sur un grand balcon et la chambre parentale comporte un grand dressing trÃ¨s spacieux et une salle dâ€™eau avec douche a lâ€™italienne avec un beau Ã©lÃ©ment de rangement.
	
NB : les fenÃªtres sont en aluminium, le gaz de ville est disponible, le chauffe bain est en bon Ã©tat, deux camÃ©ras de surveillances installÃ©es et en marche pour assurer votre sÃ©curitÃ©  et un 2Ã¨me Ã©tage  en cours de Construction inachevÃ© et il reste pour l'achever que la dalle et les sÃ©parations.
Le garage avec porte Ã©lectrique Ã©quipÃ© d'une salle d'eau et d'un Ã©vier.
La maison dispose dâ€™un titre foncier individuel.
Pour plus dâ€™informations, nâ€™hÃ©sitez pas de contacter notre agence immobiliÃ¨re M&F IMMO : Afficher le numÃ©ro  ou bien par whatsapp : Afficher le numÃ©ro"
Tunis,Ã€ Vendre,282,2,4,0,2024-12-15,"on  vous propose Ã  la vente une villa Ã  rÃ©novÃ© de 282 mÂ² de terrain sur deux niveaux sÃ©parÃ©s ouvre sur deux rue. vocation R+2 dans un quartier rÃ©sidentiel et calme et bon  voisinage proches de toutes commoditÃ©s Ã  Menzah 9

Elle se compose d'

Un rez-de-chaussÃ©e entrÃ©e indÃ©pendante 

- salon salle Ã  manger
- Cuisine amÃ©nagÃ©e 
- Deux chambres Ã  coucher 
- Salle de bain 
- Place pour voiture 
- Jardin 
- Chauffage central 

1er Ã©tage entrÃ©e indÃ©pendante 

- salon salle Ã  manger
- Cuisine amÃ©nagÃ©e 
- Deux chambres Ã  coucher 
- Salle de bain 
- Place pour voiture 
- Chauffage central 

TITRE INDIVIDUEL EN RÃˆGLE 

Pour plus d'informations veuillez contacter votre conseiller en immobilier :

â˜ï¸TÃ‰LÃ‰PHONE: Afficher le numÃ©ro
ğŸ“­WHATSAPP : Afficher le numÃ©ro

ğŸ“§E-mail : [emailÂ protected]"
Nabeul,Ã€ Vendre,500,3,3,790000,2024-12-15,"Ã€ vendre chez Green Immobilier une demeure bien situÃ©e Ã  Hammamet zone Menchar

Ã€ 5 minutes Ã  de la plage

Elle sâ€™Ã©tend sur un terrain de 500mÂ² avec une superficie habitable de 235 mÂ².

elle offre:

-un salon salle a manger

-une cuisine bien amÃ©nagÃ©e

-une suite parentale composÃ©e, une chambre, une salle de bain, dressing

-Deux chambres a couchers

-un jardin

-piscine

La villa est Ã©quipÃ©e par un chauffage central et climatisation

Prix demandÃ© : 790.000 MDT

contact : Afficher le numÃ©ro13

vous trouverez tous les dÃ©tails sur notre

cite web officiel :.www.greenimmobiliere.com

mail: [emailÂ protected]

votre satisfaction est notre prioritÃ©"
Nabeul,Ã€ Vendre,400,4,4,1030000,2024-12-15,"Ã€ vendre chez Green ImmobiliÃ¨re, une demeure de prestige bien situÃ©e Ã  Hammamet Nord 

Elle sâ€™Ã©tend sur un terrain de 400 mÂ² avec une superficie habitable de 300 mÂ². 

La villa offre:

-un salon salle a manger 

-Une cuisine haut de gamme Ã©quipÃ©e est minutieusement agencÃ©e, offrant des espaces de rangement intelligents et ergonomiques

-Une suite parentales composÃ©es de : chambre, salle de bain, dressing 

-3 salles de bains

-Un grand jardin autour de la maison 

-Une piscine en ""L""

La villa est Ã©quipÃ©e d'un chauffage central et un systÃ¨me de climatisation prÃ©s installer 

contact : Afficher le numÃ©ro13

Prix demandÃ© : 1.030.000 MDT

vous trouverez tous les dÃ©tails sur notre

cite web officiel :.www.greenimmobiliere.com

mail: [emailÂ protected]

votre satisfaction est notre prioritÃ©"
Tunis,Ã€ Vendre,100,3,9,330000,2024-12-15,a vendre a carthage Yasmina a cite steg un trrplex tres propre prix 330000 d tel Afficher le numÃ©ro
Nabeul,Ã€ Vendre,506,2,4,740000,2024-12-15,"une villa Ã  vendre Ã  Hammamet  sud 
situÃ©e sur un terrain de 506 mÂ²
offre un cadre de vie calme et bien exposÃ© sur une vue  de mer /montagne
 Surface habitable :320 mÂ²
 Nombre de piÃ¨ces : 5( salon ,1suite +3chambres) 
Cuisine : IndÃ©pendante 
Piscine : Grande piscine 4/9 
et un  AccÃ¨s accessible  
Pour plus d'informations ou pour organiser une visite, contactez nous"
Nabeul,Ã€ Vendre,75,1,1,300000,2024-12-15,"Ã€ vendre :
coup de cÅ“ur â¤ï¸
Appartement de type S+1 meublÃ© dans une immeuble situÃ© Ã  Hammamet avec ascenseur + place parking 
âœ…vue de mer
âœ…Superficie : 75mÂ²
âœ¨Composition : Salon, une chambre, cuisine Ã©quipÃ©e, une salle de douche, un balcon."
Ariana,Ã€ Vendre,400,1,5,450000,2024-12-15,l'agence anas immobilier vous propose a vendre a cite el wafa ariana une grande villa de 400m2 titre bleu individuel prix 450000d tel Afficher le numÃ©ro
Ariana,Ã€ Vendre,435,N/A,4,245000,2024-12-15,"A vendre une villa S+3 + 2 studios  a ennkhilette dans une quartier calme
Terrain:435 m2
Bati:160 m2
Prix:245000dt
Tel: Afficher le numÃ©ro
Papiers:contrat de vente
Visite sur rendez-vous"
Nabeul,Ã€ Vendre,350,3,6,200000,2024-12-15,"A vendre maison style arabesque Ã  Kelibia situÃ© au centre ville de superficie de 240 mÂ² avec une faÃ§ade de 4 mÃ¨tres sur la rue.
Maison sur deux nivaux de surface bÃ¢ti de 350 mÂ² composÃ©e de 6 chambres, deux salons, une cuisine, une salle dâ€™eau, toilette et patio.
Maison prÃ¨s de toutes les commoditÃ©s.
Titre foncier individuel en cours.
Prix : 200 000 Dt
RÃ©fÃ©rence : VT957
TEL : Afficher le numÃ©ro / Afficher le numÃ©ro / Afficher le numÃ©ro
WhatsApp : Afficher le numÃ©ro / Afficher le numÃ©ro"
Ariana,Ã€ Vendre,306,2,7,0,2024-12-15,"A VENDRE UNE VILLA CITE ESSAADA ROUTE RIADH AL ANDALOUS
rez de chaussÃ©e premier Ã©tage
306M2 ET 220M2
SUPERFICIE
CONTACTE Afficher le numÃ©ro / Afficher le numÃ©ro"
Ben Arous,Ã€ Vendre,600,4,5,0,2024-12-15,"Vente
Mourouj 4 
Agence immobiliÃ¨re ALBAYT IMMOBILIER ğŸ¡ğŸ ğŸ    vous propose Ã  la vente
Une charmante villa en S+5 sur un terrain de 600 mÂ² situÃ©e dans un quartier rÃ©sidentiel Ã  EL Mourouj 4. 
Au RDC  :
* Un spacieux salon (100 mÂ² comme surface)
* Un grand sÃ©jour qui s'ouvre sur le jardin 
* Une cuisine bien Ã©quipÃ©e 
* Une salle d'eau pour les invitÃ©s 
Ã€ L'Ã©tage :  
* Une suite parentale avec une grande terrasse
* Trois chambres Ã  coucher 
* Deux salles de bain
Ã€ l'exterieur :
* Garage
* Grand jardin, entourant la villa.
* Superficie du terrain : 600 mÂ².
* Superficie bÃ¢tie : 450 mÂ².
Dans un quartier calme et rÃ©sidentiel, cette villa bÃ©nÃ©ficie d'une proximitÃ© de toutes les commoditÃ©s: station mÃ©tro et bus, magasin
 
Pour plus d'informations n'hÃ©sitez pas Ã  nous contacter
â˜ï¸GSM : Afficher le numÃ©ro
ğŸ“­WhatsApp : Afficher le numÃ©ro"
Tunis,Ã€ Vendre,611,00,000,0,2024-12-15,"Ã€ VENDRE 
AGENCE ALBAYT IMMOBILIER 
Vous propose Ã  la vente une villa Ã  retaper Menzah 4 sur un terrain de 611 mÂ² avec deux Ã©tages indÃ©pendants et un studio. 

Pour plus d'informations Afficher le numÃ©ro"
Nabeul,Ã€ Vendre,320,4,4,990000,2024-12-15,"Ã€ vendre chez Green Immobilier une demeure bien situÃ©e Ã  Hammamet cÃ´tÃ© sud avec une vue dÃ©gagÃ©e

Elle sâ€™Ã©tend sur un terrain de 300 mÂ² avec une superficie habitable de 320 mÂ².

elle offre:

-un salon salle a manger

-une cuisine bien amÃ©nagÃ©e

-Deux suites composÃ©es, une chambre, une salle de bain, dressing

-Deux chambres Ã  couchers 

-un jardin

-Terrasse

-piscine

-place de parking

La villa est Ã©quipÃ©e par un chauffage central et climatisation centralisÃ©e 

Prix demandÃ© : 990.000MDT

contact : Afficher le numÃ©ro13

vous trouverez tous les dÃ©tails sur notre"
Nabeul,Ã€ Vendre,620,4,4,720000,2024-12-15,"Ã€ vendre chez Green Immobilier une demeure bien situÃ©e Ã  Hammamet cÃ´tÃ© sud, 4 minute de Yasmine Hammamet
Elle sâ€™Ã©tend sur un terrain de 620 mÂ² avec une superficie habitable de 140 mÂ².
elle offre:
-un salon salle a manger
-une cuisine bien amÃ©nagÃ©e
-Deux suites  indÃ©pendantes composÃ©es d'une chambre ,d'une salle de bain ,d'un dressing et d'une kitchenette
-une suite parentale
-une chambre Ã  coucher
-un jardin
-Terrasse
-piscine
-cheminÃ©e fonctionnelle en bois
-place de parking
La villa est Ã©quipÃ©e par un chauffage central et climatisation centralisÃ©e 
Prix demandÃ© : 720.000 MDT
vous trouverez tous les dÃ©tails sur notre
cite web officiel :.www.greenimmobiliere.com
mail: [emailÂ protected]
contact : Afficher le numÃ©ro13
votre satisfaction est notre prioritÃ©"
Nabeul,N/A,N/A,N/A,5,1250000,2024-12-15,"Ã€ vendre chez Green Immobilier une demeure bien situÃ©e Ã  Hammamet cÃ´tÃ© sud, 4 minute de Yasmine Hammamet
Elle sâ€™Ã©tend sur un terrain de 550 mÂ² avec une superficie habitable de 360 mÂ².
elle offre:
-un salon salle a manger
-une cuisine bien amÃ©nagÃ©e
-Quatre suites composÃ©es, une chambre, une salle de bain, dressing
-chambre de bonne
-un jardin
-Terrasse
-piscine
-place de parking
-forage d'eau 
La villa est Ã©quipÃ©e par un chauffage central et climatisation centralisÃ©e 
Prix demandÃ© : 1.250.000 MDT
vous trouverez tous les dÃ©tails sur notre
cite web officiel :.www.greenimmobiliere.com
mail: [emailÂ protected]
contact : Afficher le numÃ©ro13
votre satisfaction est notre prioritÃ©"
Monastir,Ã€ Vendre,208,3,5,315000,2024-12-15,"Cette maison plain-pied, indÃ©pendante et bien orientÃ©e situÃ©e dans un quartier calme et rÃ©sidentiel, s'Ã©tend sur un terrain de 208 mÂ². La maison est idÃ©alement situÃ©e Ã  seulement 5 minutes Ã  pied de la plage, offrant un cadre de vie paisible et agrÃ©able.

La partie jour s'ouvre sur un sÃ©jour baignÃ© de lumiÃ¨re grÃ¢ce Ã  son orientation est.

La cuisine indÃ©pendante et Ã©quipÃ©e de nombreux Ã©lÃ©ments de rangement, donne accÃ¨s Ã  un sÃ©choir pratique. Pour les invitÃ©s, une salle d'eau est Ã©galement disponible dans cette partie de la maison.

Dans la partie nuit, on dÃ©couvre trois chambres Ã  coucherÂ qui se partagent une salle de bain encore inachevÃ©e, laissant place Ã  vos amÃ©nagements personnalisÃ©s.

En complÃ©ment de cette habitation principale, un studio indÃ©pendant, comprenant un salon, une salle de bain, deux chambres et une cuisine sÃ©parÃ©e, offre une option idÃ©ale pour accueillir des invitÃ©s ou pour une location.

Enfin, la maison bÃ©nÃ©ficie d'un garage, offrant un espace sÃ©curisÃ© pour stationner une voiture.

Pour toute information supplÃ©mentaire ou pour organiser une visite gratuite, n'hÃ©sitez pas Ã  nous contacter."
Tataouine,Ã€ Vendre,500,3,9,700,2024-12-15,"Maison disponible Ã  la vente dans le quartier El Mahrajen Tataouine. Le rez-de-chaussÃ©e -280m2 couvert- est composÃ© d'un grand salon, d'un hall d'entrÃ©e, 3 chambres spacieuses, 2 salles de bain et d'une cuisine. Il y a 4 toilettes individuelles dont une Ã  l'extÃ©rieur, une grande vÃ©randa et une terrasse spacieuse, ainsi qu'un garage avec une piÃ¨ce Ã  cÃ´tÃ©.
Au premier Ã©tage -250m2 couvert-, on trouve un grand salon, un hall d'entrÃ©e, 3 chambres spacieuses, une salle de bain, 2 toilettes individuelles, une cuisine et une terrasse spacieuse.
la surface est de 500m2 ET LE PRIX EST DE 700 000 DINARS.
PossibilitÃ© de visite.
merci ."
Ariana,Ã€ Vendre,400,2,4,900000,2024-12-15,"VVN 001 b
A Vendre Ennasr 1 dans un quartier calme et sÃ©curisÃ© une villa avec titre foncier individuel, inachevÃ©e dâ€™un seul niveau, construite sur un terrain de 400 mÂ² situÃ© derriÃ¨re la boulangerie Randa.
Prix de vente 900 milles dinars.
Pour plus dâ€™informations, merci de contacter notre Agence M&F IMMO au Afficher le numÃ©ro"
Nabeul,Ã€ Vendre,490,4,4,1250000,2024-12-15,"Ã€ vendre chez Green Immobilier une demeure bien situÃ©e Ã  Hammamet Ã  800 metres de la plage

Elle sâ€™Ã©tend sur un terrain de 490 mÂ² avec une superficie habitable de 350 mÂ².

elle offre:

-un salon salle a manger

-une cuisine bien amÃ©nagÃ©e

-Quatre suites composÃ©es, une chambre, une salle de bain, dressing

-un jardin

-piscine

-Terrasse

-place de parking

La villa est Ã©quipÃ©e par un chauffage central et climatisation installer 

Prix demandÃ© : 1.250.000 MDT

vous trouverez tous les dÃ©tails sur notre

cite web officiel :.www.greenimmobiliere.com

mail: [emailÂ protected]

contact : Afficher le numÃ©ro13

votre satisfaction est notre prioritÃ©"
Nabeul,Ã€ Vendre,1295,3,6,12345660,2024-12-15,"VVH 001
A vendre Ã  Hammamet entre HÃ´tel Sindbad et Dar Hayet une grande villa avec titre foncier individuel, construite sur un terrain d'une superficie de 1295 mÂ²
Pour plus d'informations, merci de contacter notre Agence M&F IMMO au Afficher le numÃ©ro"
Bizerte,Ã€ Vendre,154,2,5,350000,2024-12-15,"RÃ©f 2592 : EDF immobiliÃ¨re met Ã  la vente Une Maison Avec Deux Ã©tages SÃ©parer SituÃ©e Ã  CitÃ© El Jalaa Bizerte
RÃ©ez De ChaussÃ©e De Superficie 110 mÂ² composÃ©e ; d'un Salon + deux chambres+ Cuisine + salle de Bain +Terrasse+ Garage
1Ã©r Ã©tage De Superficie 140 mÂ² composÃ©e : d'un Vaste salon + cuisine + trois chambres Ã  coucher et salle d'eau + Balcon
surface terrain : 154 mÂ²
Surface bÃ¢tie : 250mÂ²
Situation juridique : Titre Foncier
Prix de vente : 350 MD 
Pour plus d'informations merci de nous contacter  ou bien visiter notre agence situÃ© Ã  Complexe commercial Bizerte centre Bureau NÂ°58"
Ariana,Ã€ Vendre,227,2,4,970000,2024-12-15,"Agence Darcom-Tunisia la soukra met Ã  la vente une villa JumelÃ©e  S+4 en cours de construction ,superficie de terrain 227 mÂ² titrÃ© , dotÃ©e dâ€™un bon emplacement Ã  La Soukra.
La Villa composÃ©e sur deux niveaux :
Le RDC est composÃ© dâ€™un salon ,sÃ©jour ouvrant sur un jardin et piscine 5.5 mÂ² x 2.70 mÂ² , une cuisine amÃ©nagÃ©e et Ã©quipÃ©e, une salle dâ€™eau dâ€™invitÃ©s et une chambre service.
L'Ã©tage comprend une suite parentale avec dressings et salle de douche ainsi que deux chambres Ã  coucher chacune amÃ©nagÃ©e par un dressing et qui se partagent une salle de bain.
Chauffage central et climatisation Split installÃ©s 
Un abris disponible pour deux voitures.

Nâ€™hÃ©sitez pas Ã  contacter nos conseillers pour un rendez-vous.

 Afficher le numÃ©ro07.707                                                  

[emailÂ protected]"
Nabeul,Ã€ Vendre,550,4,9,0,2024-12-15,"Ã€ vendre 
Un beau duplex de 3 maisons entourÃ© d'un jardin Ã©quipÃ© du gaz de ville, prÃ¨s de toutes les commoditÃ©s. SituÃ© dans un quartier rÃ©sidentiel et calme, cette magnifique villa situÃ©e Ã  Soliman (Bhira) est dÃ©diÃ©e Ã  la vente. Le terrain a une superficie BÃ¢tie sur un terrain de 550 m2 dâ€™une superficie couvert de 800 m2  , de type S+4 au rez-de-chaussÃ©e, avec deux maisons Ã  l'Ã©tage : une S+3 et une S+2. Un spacieux salon offrant une vue dÃ©gagÃ©e sur le jardin, une spacieuse cuisine moderne totalement Ã©quipÃ©e...
+++ Centre commercial de 90 mÃ¨tres carrÃ©s, bien Ã©quipÃ© et totalement neuf, Ã  demi-Ã©tage.
** 2 garages + puits + jardin + espace
Titre bleu, tous les papiers en rÃ¨gle
Visite gratuite
Pour plus d'informations : Afficher le numÃ©ro (WhatsApp : Afficher le numÃ©ro)"
Nabeul,Ã€ Vendre,380,2,4,980000,2024-12-15,"A vendre Ã  Hammamet une villa S+4 situÃ©e dans un quartier rÃ©sidentiel et calme Ã  800 m de la plage MIRAMAR 
Prix : 980 mille dinars
-Superficie terrain : 380 mÂ² 
-Superficie bÃ¢tie : 280 mÂ² 
TÃ©l/whatsapp : Afficher le numÃ©ro"
Tunis,Ã€ Vendre,185,1,4,0,2024-12-15,"A vendre un beau rez de chaussÃ©e d'une villa composÃ©e de deux niveaux sÃ©parÃ©s , sis Ã  CitÃ© Ettahrir, dans un quartier trÃ¨s calme Ã  proximitÃ© de toutes   commoditÃ©s. Offrant 03 chambres, grand salon , salle de bain, et cuisine.
Une terrasse de 30m2 .
Abri d'une voiture.
Chauffage centrale prÃ¨s installÃ©.
prix lÃ©gÃ¨rement nÃ©gociable"
GabÃ¨s,Ã€ Louer,11,11,1,115,2024-12-15,"A vendre en gros huile moteur 20L de haute qualitÃ© BM LUBES :
* HMD40 20L BM LUBES :105DT 
*VG46 20L BM LUBES : 115DT 
POUR LES SÃ‰RIEUX MERCI DE CONTACTER AU Afficher le numÃ©ro"
Tunis,Ã€ Vendre,110,1,3,250000,N/A,"RE/MAX Consultants vous propose Ã  la vente un appartement de 110 mÂ², situÃ© au 5áµ‰ Ã©tage dâ€™une rÃ©sidence en plein cÅ“ur dâ€™El Manar 1.
CaractÃ©ristiques de lâ€™appartement :
 â€¢ Salon : Lumineux, offrant une vue dÃ©gagÃ©e et agrÃ©able
 â€¢ Chambres : Trois chambres Ã  coucher spacieuses
 â€¢ Cuisine : Fonctionnelle, avec un sÃ©choir attenant
 â€¢ Sanitaires : Une salle de bain et des toilettes sÃ©parÃ©es
 â€¢ Vue : Panoramique et sans vis-Ã -vis
Atouts supplÃ©mentaires :
 â€¢ Orientation optimale assurant une belle luminositÃ© naturelle
 â€¢ ProximitÃ© des Ã©coles, commerces et transports pour un quotidien pratique
Pour plus d'informations veuillez contacter votre conseillÃ¨re en immobilier Amira Jaziri : 
 Afficher le numÃ©ro
WhatsApp Afficher le numÃ©ro
[emailÂ protected]"
Tunis,Ã€ Vendre,40,01,2,76000,N/A,"Ã€ vendre appartement centre ville prÃ¨s de lafayette 2 minutes de bourguiba scool.
Chambre +1. Couloir. Cuisine. Douch Toilette. RDC. Gaz de ville.
Ø´Ù‡Ø§Ø¯Ø© Ù…Ù„ÙƒÙŠØ© Ø¬Ù…ÙŠØ¹ Ø§Ù„Ù‚Ø±ÙˆØ¶ Ø¨Ù†ÙƒÙŠØ© Ù…Ù‚Ø¨ÙˆÙ„Ø© Ù„Ù„Ø§Ø³ØªÙØ³Ø§Ø± Ø§Ù„Ø§ØªØµØ§Ù„ Ø¹Ù„Ù‰ Ø§Ù„Ø±Ù‚Ù… Afficher le numÃ©ro"
Tunis,Ã€ Vendre,110,1,3,250000,2024-12-15,"RE/MAX Consultants vous propose Ã  la vente un appartement de 110 mÂ², situÃ© au 5áµ‰ Ã©tage dâ€™une rÃ©sidence en plein cÅ“ur du dâ€™El Manar 1.

CaractÃ©ristiques de lâ€™appartement :

â€¢ Salon : Lumineux, offrant une vue dÃ©gagÃ©e et agrÃ©able
â€¢ Chambres : Trois chambres Ã  coucher spacieuses
â€¢ Cuisine : Fonctionnelle, avec un sÃ©choir attenant
â€¢ Sanitaires : Une salle de bain et des toilettes sÃ©parÃ©es
â€¢ Vue : Panoramique et sans vis-Ã -vis

Atouts supplÃ©mentaires :

â€¢ Orientation optimale assurant une belle luminositÃ© naturelle
â€¢ ProximitÃ© des Ã©coles, commerces et transports pour un quotidien pratique
Pour plus d'informations veuillez contacter votre conseillÃ¨re en immobilier Amira Jaziri :
 Afficher le numÃ©ro
WhatsApp Afficher le numÃ©ro
[emailÂ protected]"
Tunis,Ã€ Vendre,130,2,3,380,2024-12-15,"VAM 018 
A vendre un bel appartement S+3 spacieux et lumineux Ã  Menzah 1 situÃ© au 2Ã©me Ã©tage dâ€™une rÃ©sidence R+3 dans un quartier calme et sÃ©curisÃ©e il est composÃ© dâ€™un salon , salle Ã  manger , de 3 chambres Ã  coucher avec dressings , dâ€™une cuisine bien amÃ©nagÃ©e et Ã©quipÃ©e de plaque , hotte et four , dâ€™un coin repas , dâ€™une salle dâ€™eau et dâ€™une salle de bain.
Lâ€™appartement est dotÃ© de chauffage central et de 5 climatiseurs en split, ainsi quâ€™un parking commun est disponible avec assez de places.
NB : Lâ€™appartement est avec un titre foncier individuel.
Prix de vente : 380MD lÃ©gÃ¨rement nÃ©gociable.
Pour plus dâ€™informations, merci de contacter notre Agence ImmobiliÃ¨re M&F IMMO : Afficher le numÃ©ro ou bien sur Whatsapp : Afficher le numÃ©ro."
Nabeul,Ã€ Vendre,300,2,2,750000,2024-12-15,"A vendre Ã  HAMMAMET NORD en face de lâ€™hÃ´tel OMAR KHAYAM un spacieux appartement S+3 au rez-de-chaussÃ©e dâ€™une petite rÃ©sidence R+1 situÃ©e dans un quartier rÃ©sidentiel et calme avec un jardin piscinable (150 mÂ² ) et deux places de parking au sous-sol 
Prix : 750 mille dinars
TÃ©l/whatsapp : Afficher le numÃ©ro"
Tunis,Ã€ Vendre,129,2,2,0,2024-12-15,"On vous propose Ã  la vente un appartement S+2 au 1er Ã©tage dans une residence sÃ©curisÃ©e et gardÃ©e avec piscine et salle de sport , situÃ© Ã  proximitÃ© de toutes commoditÃ©s. 

Il se compose dâ€™:

-Un salon avec balcon
- Une salle dâ€™eau  
- Deux chambres Ã  coucher dont une avec dressing
- Une cuisine Ã©quipÃ©e avec ( Plaque-hotte-four-micro-ondes)avec sÃ©choir 
- Une salle de bain
- Climatisation 
- Chauffage central 
- Place de parking sous sol 
- Cellier 
- Gardiennage et syndic

â˜ï¸TÃ©lÃ©phone  : Afficher le numÃ©ro / Afficher le numÃ©ro
       
ğŸ“­WhatsApp : â¨â¨ Afficher le numÃ©ro"
Nabeul,Ã€ Vendre,120,1,2,235000,2024-12-15,"A vendre des Appartements Ã  Fatha 2 Kelibia situÃ© Ã  350 mÃ¨tres de plage el mansourah de superficie de 120 mÂ².
Chaque appartement composÃ© de deux chambres Ã  coucher, un salon, une cuisine et une salle de bain.
Chaque appartement Ã©quipÃ© dâ€™un compteur STEG et SONEDE.
Appartement ave titre foncier.
Prix : 235 000 Dt.
RÃ©fÃ©rence : VT931
TEL : Afficher le numÃ©ro / Afficher le numÃ©ro / Afficher le numÃ©ro
WhatsApp : Afficher le numÃ©ro / Afficher le numÃ©ro"
Tunis,Ã€ Vendre,114,2,2,380000,2024-12-15,"On met Ã  la vente un appartement S+2 de 114 mÂ², au 2Ã¨me Ã©tage, avec double ascenseurs dans une rÃ©sidence gardÃ©e et sÃ©curisÃ©e

Il se compose :  

- Salon avec balcon  
- Cuisine Ã©quipÃ©e avec sÃ©choir  
- Salle de bain  
- Salle dâ€™eau 
- Deux chambres Ã  coucher dont une avec dressing  
- Dressing au couloir   
- Chauffage central  
- Climatisation  
- Places de parking en sous-sol  
- Gardiennage et syndic  

AnnÃ©e de construction 2020 

Certificat de propriÃ©tÃ© en rÃ¨gle 

Prix de vente :380 md 

â˜ï¸ TÃ©lÃ©phone : Afficher le numÃ©ro

ğŸ“¬ WhatsApp : Afficher le numÃ©ro"
Ariana,Ã€ Vendre,130,1,3,365000,2024-12-15,"On vous propose a la vente un appartement S+3 de 130 m2 au 3 Ã¨me etage avec ascenseur dans une rÃ©sidence gardÃ©e et sÃ©curisÃ©e proches de toutes commoditÃ©s.

Il se compose d':

-  Un salon avec balcon 
-  Une cuisine Ã©quipÃ©e avec sÃ©choir 
- Une salle de bain 
- Trois chambres Ã  coucher dont une avec balcon 
- Chauffage central 
- Trois grandes armoires 
- Chauffage central 
- Climatisation 
- Place de parking
- Gardiennage et syndic 

Prix de vente :  365 MD 

Certificat de propriÃ©tÃ© en rÃ¨gle

â˜ï¸TÃ©lÃ©phone  : Afficher le numÃ©ro
       
ğŸ“­WhatsApp : â¨â¨ Afficher le numÃ©ro 

ğŸ“§E-mail : [emailÂ protected]"
Ariana,Ã€ Vendre,146,1,3,0,2024-12-15,"on vous propose a la vente un appartement S+3 de 146 m2 au  1er etage   Sans vis a vis avec une vue panoramique sur Grand Tunis Avec ascenseur dans une rÃ©sidence gardÃ©e et sÃ©curisÃ©e Ã   Ennasr 1

Il se compose d':
-  Un salon   Salle a manger avec balcon 
-  Une cuisine Ã©quipÃ©e avec sÃ©choir 
- Une salle de bain 
- Trois chambres Ã  coucher dont deux avec dressings et une avec terrasse 
- Chauffage central 
- Climatisation
- Deux Places de parking
- Gardiennage et syndic 

AnnÃ©e de construction 2018 

Titre Foncier individuel en rÃ¨gle 

Pour de plus amples informations veuillez contacter nos  conseillÃ¨res en immobilier :

â˜ï¸    TÃ©lÃ©phone : Afficher le numÃ©ro                      
ğŸ“¬ WhatsApp: Afficher le numÃ©ro"
Ariana,Ã€ Louer,45,1,1,165000,2024-12-15,"OPPORTUNITÃ‰ POUR LES INVESTISSEURS 

On met Ã  la vente un appartement  s+1  de 45 m2 au 7 eme Ã©tage avec double ascenseur dans une rÃ©sidence gardÃ©e et sÃ©curisÃ©e proches de toutes commoditÃ©s.

Il se compose dâ€™:
- Un salon
- Une kitchinette ouverte Ã©quipÃ© et amÃ©nagÃ©e 
 - Une salle dâ€™eau avec douche italienne 
- Une chambre a coucher 
- Un chauffage centrale 
- Gardiennage et syndic 

CERTIFICAT DE PROPRIÃ‰TÃ‰ EN RÃˆGLE 

Prix de vente : 165 MD 

â˜ï¸TÃ©lÃ©phone  : Afficher le numÃ©ro / Afficher le numÃ©ro
       
ğŸ“­WhatsApp : â¨â¨ Afficher le numÃ©ro"
Tunis,Ã€ Vendre,101,1,4,200000,2024-12-15,agence anas vous propose a vendre a rommana un appartement s3  superficie 100m2 titre bleu prix  200000 d a discuter tel Afficher le numÃ©ro
Ariana,Ã€ Vendre,100,1,3,220000,2024-12-15,A vendre un appartement a usage de bureaux aux mezzanines d'un immeuble bien situÃ© sur l'avenue Hedi Nouira proche de la Poste. Titre foncier individuel.
Ariana,Ã€ Vendre,162,3,3,640000,2024-12-15,"Ã€ Vendre :
ğŸ˜ï¸Appartement en S+3 Ã  La Soukra
                              Superficie : 162 mÂ²

- Partie jour :
      Un Salon avec terrasse 
      Une Cuisine bien Ã©quipÃ©e 
      Une Salle d'eau invitÃ©s
- Partie nuit :
      Une Suite parentale 
      Deux chambres Ã  coucher 
      Une salle de bain

*** Climatiseurs
*** Chauffage central
*** Deux  places de parking sous-sol

Prix : 640.000 MD 
 
Pour plus d'informations phone ğŸ“± Afficher le numÃ©ro"
Ariana,Ã€ Vendre,165,3,3,495000,2024-12-15,"âœ¨ S3 Direct promoteur Ã  Vendre âœ¨
ğŸ“ Chotrana1 Ã  3 min de l'universitÃ© Ibn khaldoun 

âœ… DeuxiÃ¨me Ã©tage 
âœ… Superficie : 165 m2 
âœ… Deux places de parking au sous-sol avec celier 

â˜ï¸ Pour visiter ou plus dâ€™informations veuillez me contacter au Afficher le numÃ©ro 60"
Ben Arous,Ã€ Vendre,140,2,3,0,2024-12-15,"Grand appartement lumineux avec vue dÃ©gagÃ©e Ã  rades foret
S+3 composÃ© de :
-	EntrÃ©e avec placard.
-	Grande salle Ã  manger
-	Cuisine avec placard.
-	2 Grands salons de 40m2 sÃ©parÃ©s par une porte coulissante en aluminium vitrÃ©e.
-	Baie vitrÃ©e sÃ©curit avec effet reflechissant mirrioir et porte fenetre + moustiquaire aluminium
-	Couloir avec 2 placards.
-	1 chambre avec porte coulissante aluminium
-	1 chambre 
-	Chambre Ã  coucher spacieuse
-	Salle de bain et toilettes sÃ©parÃ©es
-	Grand balcon avec vue dÃ©gagÃ©e avec placard
-	Installation Gaz de ville faite
-	Chauffe-eau Ã©lectrique + chauffe bain gaz
Prix lÃ©gÃ¨rement nÃ©gociable
 Afficher le numÃ©ro ou Afficher le numÃ©ro"
Ben Arous,Ã€ Vendre,110,1,3,220000,2024-12-15,"Cet appartement S+2, situÃ© au 4Ã¨me Ã©tage dâ€™une rÃ©sidence sÃ©curisÃ©e, offre une superficie gÃ©nÃ©reuse de 110 mÂ². Il est idÃ©alement situÃ©, Ã  proximitÃ© de toutes les commoditÃ©s essentielles telles que les commerces,. L'appartement se compose d'un salon spacieux et lumineux, offrant un cadre de vie agrÃ©able et confortable. Il dispose de deux chambres Ã  coucher, parfaites pour une petite famille ou un couple, ainsi quâ€™une cuisine entiÃ¨rement Ã©quipÃ©e, prÃªte Ã  recevoir vos appareils Ã©lectromÃ©nagers et Ã  faciliter vos moments de cuisine. La salle de bain, bien amÃ©nagÃ©e, complÃ¨te cet espace fonctionnel. La rÃ©sidence, sÃ©curisÃ©e, assure Ã  ses occupants une tranquillitÃ© et une sÃ©curitÃ© accrues."
Ben Arous,Ã€ Vendre,130,2,1,360000,2024-12-15,"L'agence immobiliÃ¨re Contact-immo vous propose : A vendre un appartement au RDC  de type S plus 3 situÃ© Ã  boumhal el bassatine 1 . Il se compose d'un salon ,trois chambres Ã  coucher, une cuisine Ã©quipÃ© et une salle d'eau et place parking sous-sol.
prix : 360000dt ğŸ“ğŸ“±N'hÃ©sitez pas Ã  prendre contact pour de plus amples renseignements ou pour prendre RDV Afficher le numÃ©ro"
Ben Arous,Ã€ Vendre,80,1,1,125000,2024-12-15,"L'agence immobiliÃ¨re Contact-immo vous propose : A vendre un appartement au 2Ã¨me Ã©tage de type S plus 2 situÃ© dans un emplacement stratÃ©gique Ã  hammem Lif sur le GP1 . Il se compose d'un salon , deux chambres Ã  coucher , une cuisine , une salle de bain et deux balcon .
prix : 125000dt ğŸ“ğŸ“±N'hÃ©sitez pas Ã  prendre contact pour de plus amples renseignements ou pour prendre RDV Afficher le numÃ©ro"
Ariana,Ã€ Vendre,110,2,3,240000,2024-12-15,"ğŸ  Ã€ vendre Appartement S+3 Spacieux et bien Ã©clairÃ©, trÃ¨s bon emplacement, coeur du Ariana ( MG maxi , marchi, pharmacie, transport public, facultÃ©, Ã©cole....) 
ComposÃ© d'une salon avec balcon 
Cuisine spacieux avec SÃ©choir 
3 chambres et salle d'eau et salle de bain 
Chauffage central 
2 Ã¨me Ã©tage 
âœ… Superficie: 110 mÂ² 
âœ… Prix : 240.000md lÃ©gÃ¨rement nÃ©gociable 
Pour plus dâ€™informations et visite merci de contacter votre agence immobiliÃ¨re sur 
â˜ï¸ Afficher le numÃ©ro"
Mahdia,Ã€ Vendre,N/A,N/A,N/A,0,2024-12-15,"Profitez de ces magnifiques appartements Ã  vendre, situÃ©s dans une rÃ©sidence de standing, Ã  seulement 5 minutes Ã  pied de la mer. IdÃ©alement placÃ©s dans une zone touristique, ces appartements offrent un confort optimal et sont proches de toutes les commoditÃ©s nÃ©cessaires (commerces, transports, etc.).

âœ” Appartements disponibles : S+1, S+2, S+3
âœ” CaractÃ©ristiques : RÃ©sidence avec ascenseur, finition haut de gamme, luminositÃ© et espaces bien amÃ©nagÃ©s.
âœ” Emplacement idÃ©al Ã  proximitÃ© de la mer, dans un environnement calme et prisÃ©.

N'attendez plus pour investir dans votre futur chez-vous ou un bien locatif de qualitÃ© ! 

Pour plus d'informations ou pour organiser une visite GRATUITE, contactez-nous dÃ¨s maintenant.
Contact : Afficher le numÃ©ro   // Afficher le numÃ©ro"
Ariana,Ã€ Vendre,50,1,1,118000,2024-12-15,"VAA 012
A vendre Ã  Enkhilet un bel appartement S+1 de haut standing avec titre foncier individuel, situÃ© au 5Ã¨me Ã©tage avec double ascenseur dans une rÃ©sidence gardÃ©e jour et nuit et sÃ©curisÃ©e par des camÃ©ras de surveillance, avec accÃ¨s rapide et proche de toutes commoditÃ©s.  
Lâ€™appartement est composÃ© de :
 Un salon avec porte fenÃªtre donnant sur un balcon
 Une Kitchenette ouverte sur le salon
Une chambre Ã  coucher avec porte fenÃªtre donnant sur un balcon
Une salle de bain 
Un grand balcon
Lâ€™appartement est dotÃ© dâ€™un climatiseur, de chauffage central et dâ€™une place de parking. 
Prix de vente 118 milles dinars lÃ©gÃ¨rement nÃ©gociable
Pour plus de renseignements, merci de contacter notre Agence M&F IMMO au Afficher le numÃ©ro"
Sousse,Ã€ Vendre,61.5,1,1,255000,2024-12-15,"Vous souhaitez acheter pour habiter ou pour investir, dÃ©couvrez votre future adresse dans une rÃ©sidence neuve, au cÅ“ur du Kantaoui Sousse.
On vous propose des appartements (S+1, S+2 et S+3) direct promoteur de trÃ¨s haut standing, avec une vue imprenable sur la mer.
Nous vous offrons une opportunitÃ© unique de possÃ©der un appartement luxueux et sophistiquÃ© dans un environnement exclusif et sÃ©curisÃ©.
Chaque appartement est Ã©quipÃ© de matÃ©riaux de haute qualitÃ© pour votre confort et votre satisfaction, muni de grandes baies vitrÃ©es laissent entrer gÃ©nÃ©reusement la lumiÃ¨re mÃ©diterranÃ©enne, de espaces extÃ©rieurs privatifs (balcons et terrasses) prolongeant lâ€™espace de vie et ajoutant de la luminositÃ© et du charme.

Les intÃ©rieurs offrent des amÃ©nagements optimisÃ©s pour garantir un confort optimal, y compris :

-RevÃªtement de haute qualitÃ©
-Menuiserie en bois noble
-Cuisines amÃ©nagÃ©es et Ã©quipÃ©es (kitchenette ou cuisine sÃ©parÃ©e)
-Sanitaire de qualitÃ© et importÃ© e l'Espagne (1er choix)
-Aluminium de premier choix
-Volets roulants Ã©lectriques
-Faux plafonds en staff lisse et dÃ©corÃ©
-Chauffage central
-climatiseurs
-4 Ascenseurs
-Parking privÃ©
-Piscine privÃ©e
-Jardin et aire de jeux privÃ©e
-CamÃ©ras de surveillance, gardien et poste de police indÃ©pendant
-Plage Ã  30 secondes Ã  pieds

Prix Ã  partir de 255 mille.

Contactez-nous dÃ¨s maintenant pour obtenir plus d'informations et rÃ©servez votre appartement dÃ¨s aujourd'hui."
Sousse,Ã€ Vendre,N/A,N/A,2,280000,2024-12-15,"DÃ©couvrez notre nouveau projet de programme immobilier neuf proposÃ© par notre partenaire promoteur.
Pour habiter ou pour investir, dÃ©couvrez votre future adresse dans une rÃ©sidence neuve, proche de Sahloul 4 Sousse.
On vous propose des appartements (S+2 et duplex) de trÃ¨s haut standing, avec une vue imprenable.
Nous vous offrons une opportunitÃ© unique de possÃ©der un appartement luxueux et sophistiquÃ© dans un environnement exclusif et sÃ©curisÃ©.
Chaque appartement est Ã©quipÃ© de matÃ©riaux de haute qualitÃ© pour votre confort et votre satisfaction, muni de grandes baies vitrÃ©es laissent entrer gÃ©nÃ©reusement la lumiÃ¨re, de espaces extÃ©rieurs privatifs (balcons et terrasses) prolongeant lâ€™espace de vie et ajoutant de la luminositÃ© et du charme.


Contactez-nous dÃ¨s maintenant pour obtenir plus d'informations et rÃ©servez votre appartement dÃ¨s aujourd'hui."
Ariana,Ã€ Vendre,40,1,1,165000,2024-12-15,"VAN 011b
A vendre Ã  Ennasr 2 un appartement S+1 avec titre foncier individuel dâ€™une superficie de 40 mÂ², situÃ© au 7Ã¨me Ã©tage dâ€™un bel immeuble avec double ascenseurs sur l'avenue Hedi Nouira, proche de toutes commoditÃ©s
Lâ€™appartement est composÃ© dâ€™un salon avec cuisine ouverte Ã  lâ€™AmÃ©ricaine, dâ€™une salle dâ€™eau avec douche Ã  lâ€™italienne et dâ€™une chambre Ã  coucher le tout avec chauffage central et climatiseur, il est actuellement louÃ© meublÃ© Ã  1500 dinars /mois.
Prix de vente 165 mille dinars
Pour plus dâ€™informations, merci de contacter notre Agence M & F IMMO au Afficher le numÃ©ro"
Ariana,Ã€ Vendre,115,2,3,290000,2024-12-15,"VAM 019
A vendre Ã  El Menzah 7 un appartement S+3 avec titre foncier individuel, retapÃ© Ã  neuf, dâ€™une superficie habitable de115 mÃ¨tres carrÃ©s, situÃ© au 3Ã¨me Ã©tage d'une rÃ©sidence gardÃ©e et sÃ©curisÃ©e avec un grand espace vert et proche de toutes commoditÃ©s. Un ascenseur neuf est en cours dâ€™installation. Lâ€™appartement est composÃ© comme suit :
Un grand salon salle Ã  manger. 
3 chambres Ã  coucher dont 2 avec dressing. 
Une salle de bain. 
Une salle d'eau. 
Une cuisine bien meublÃ©e avec plaque de cuisson. 
Un sÃ©choir 
Lâ€™appartement est dotÃ© de chauffage central, de 2 climatiseurs, dâ€™un abri de voiture et dâ€™un cellier 
Prix de vente 290 milles dinars
Pour plus dâ€™informations, merci de contacter notre Agence ImmobiliÃ¨re M&F IMMO au Afficher le numÃ©ro"
Ariana,Ã€ Vendre,210,2,4,650000,2024-12-15,"Darcom Tunisia !a Soukra  vous a dÃ©crochÃ© une opportunitÃ© dâ€™un s+4 de haut standing, en excellent Ã©tat, lumineux et spacieux, dâ€™une superficie de 210 mÂ², offrant une vue dÃ©gagÃ©e sur un jardin  de 37.9 mÂ²   imprenable et est situÃ© dans une rÃ©sidence gardÃ©e Ã  Chotrana 1 La Soukra.
Lâ€™appartement se compose comme suit :
La partie jour : Un spacieux salon et un  sÃ©jour indÃ©pendant ouvrant sur une belle terrasse de 16.8 mÂ² , une cuisine amÃ©nagÃ©e et Ã©quipÃ©e (Hotte, Plaque, Four) qui se complÃ¨te par un grand sÃ©choir, et une salle dâ€™eau dâ€™invitÃ©s.
La partie nuit sÃ©parÃ©e : une suite parentale avec dressing , disposant l'accÃ¨s au terrasse  et une salle de douche, ainsi que trois chambres Ã  coucher chacune avec dressing et qui se partagent une salle de bain.
Lâ€™appartement est accompagnÃ© dâ€™une place parking sous-sol
Si vous souhaitez visiter le bien nâ€™hÃ©sitez pas Ã  nous contacter
 Afficher le numÃ©ro07.707
 [emailÂ protected]"
Ariana,Ã€ Vendre,190,2,3,810000,2024-12-15,"Agence immobiliÃ¨re DARCOM TUNISIA vous propose Ã  la vente des Duplex neufs modernes situÃ©s dans une rÃ©sidence R+2 de Haut Standing implantÃ©e Ã  Chotrana I Ã  proximitÃ© de lâ€™aÃ©roport et tous services.
Des Duplex de 190mÂ² avec un jardin 46mÂ² Ã  810.000 DT y compris deux places parking sous-sol  

CamÃ©ras de surveillance
Isolation thermique et acoustique
Marbre Kadhel
Cuisines Ã©quipÃ©es (Hotte, Plaque et Four de marque Premium)
ChaudiÃ¨re Riello
 Dressings agencÃ©s
RevÃªtement cuisines et salles de bains en grÃ¨s dans la masse
Ã‰quipements sanitaires de haute gamme
Chauffage central et Climatisation Split (salon et une chambre)
Portes en bois noble
 Menuiserie aluminium est de trÃ¨s bonne qualitÃ© avec des volets roulants Ã©lectriques
Ne ratez pas cette opportunitÃ© de devenir propriÃ©taire dâ€™un tel appartement !
 Afficher le numÃ©ro07.707
[emailÂ protected]"
Ariana,Ã€ Vendre,214,2,3,635000,2024-12-15,"Darcom-Tunisia La Soukra vous propose Ã  la vente un Appartement s+3 spacieux et de trÃ©s haut standing sis dans une rÃ©sidence R+2 dotÃ©e dâ€™un bon emplacement Ã  Chotrana I.
L'appartement s+3 se composent comme suit : un salon spacieux qui donne sur un terrasse, un dressing au hall, une salle dâ€™eau, une cuisine amÃ©nagÃ©e et Ã©quipÃ©e avec sÃ©choir une chambre de service , la partie nuit ; une suite parentale avec salle de douche ainsi que deux chambres Ã  coucher chacune avec dressing et qui se partagent une salle e bain.

Superficie 214 mÂ² 
Deux places de parking sous sol
Un Cellier 
Piscine et Salle de Sport dans la rÃ©sidence 

â€¢ Une menuiserie en bois noble de la porte dâ€™entrÃ©e des appartements jusquâ€™Ã  leurs intÃ©rieurs.
â€¢ Des stores roulants Ã©lectriques en PVC.
â€¢ Des placards agencÃ©s.
â€¢ Chauffage central et climatisation individuelle central systÃ¨me
â€¢ RevÃªtements sols en marbre Blanc  et en grÃ¨s Ã  la masse pour les points dâ€™eaux et cuisines.
â€¢ Cuisines Ã©quipÃ©es plaques de cuissons, fours Ã©lectriques et hottes aspirantes encastrables.

Si vous souhaitez visiter le bien, nâ€™hÃ©sitez pas Ã  nous contacter au 
 Afficher le numÃ©ro07.707
[emailÂ protected]"
Ariana,Ã€ Vendre,228,2,3,650000,2024-12-15,"Darcom-Tunisia La Soukra vous propose Ã  la vente un Appartement s+3 spacieux et de trÃ©s haut standing sis dans une rÃ©sidence R+2 dotÃ©e dâ€™un bon emplacement Ã  Chotrana I.
L'appartement s+3 se composent comme suit : un salon spacieux qui donne sur un terrasse, un dressing au hall, une salle dâ€™eau, une cuisine amÃ©nagÃ©e et Ã©quipÃ©e avec sÃ©choir une chambre de service , la partie nuit ; une suite parentale avec salle de douche ainsi que deux chambres Ã  coucher chacune avec dressing et qui se partagent une salle e bain.

Superficie 228mÂ² 
Deux places de parking sous-sol
Un Cellier 
Piscine et Salle de Sport dans la rÃ©sidence 

â€¢ Une menuiserie en bois noble de la porte dâ€™entrÃ©e des appartements jusquâ€™Ã  leurs intÃ©rieurs.
â€¢ Des stores roulants Ã©lectriques en PVC.
â€¢ Des placards agencÃ©s.
â€¢ Chauffage central et climatisation individuelle central systÃ¨me
â€¢ RevÃªtements sols en marbre Blanc  et en grÃ¨s Ã  la masse pour les points dâ€™eaux et cuisines.
â€¢ Cuisines Ã©quipÃ©es plaques de cuissons, fours Ã©lectriques et hottes aspirantes encastrables.

Si vous souhaitez visiter le bien, nâ€™hÃ©sitez pas Ã  nous contacter au 
 Afficher le numÃ©ro07.707
[emailÂ protected]"
